name,ticker,url,cmp,market_cap,latest_quarter,prev_quarter,is_fresh,promoter_prev,promoter_latest,promoter_change,fii_prev,fii_latest,fii_change,dii_prev,dii_latest,dii_change,government_prev,government_latest,government_change,public_prev,public_latest,public_change,shareholders_prev,shareholders_latest,shareholders_change
360 ONE,360ONE,/company/360ONE/consolidated/,1069.50,43427.90,Jun 2026,Mar 2026,True,6.24,6.2,-0.04,63.33,58.55,-4.78,12.75,18.7,5.95,0.0,0.0,0.0,17.67,16.53,-1.14,74294.0,76687.0,2393.0
3B Blackbio,3BBLACKBIO,/company/3BBLACKBIO/consolidated/,1575.10,1347.22,Jun 2026,Mar 2026,True,40.94,40.95,0.01,2.57,2.5,-0.07,1.98,2.15,0.17,,,,54.5,54.4,-0.1,10616.0,11049.0,433.0
5paisa Capital,5PAISA,/company/5PAISA/consolidated/,349.70,1642.20,Jun 2026,Mar 2026,True,32.76,36.5,3.74,12.41,15.11,2.7,0.01,0.0,-0.01,,,,54.8,48.38,-6.42,52243.0,50145.0,-2098.0
63 Moons Tech.,63MOONS,/company/63MOONS/consolidated/,792.95,3645.49,Jun 2026,Mar 2026,True,45.63,45.63,0.0,1.31,1.61,0.3,0.0,0.0,0.0,,,,53.06,52.75,-0.31,45869.0,44996.0,-873.0
A B B,ABB,/company/ABB/,7122.50,151227.83,Jun 2026,Mar 2026,True,75.0,75.0,0.0,8.19,7.67,-0.52,9.28,9.89,0.61,,,,7.5,7.44,-0.06,181528.0,183577.0,2049.0
A B Lifestyle,ABLBL,/company/ABLBL/consolidated/,73.16,8925.69,Jun 2026,Mar 2026,True,46.6,46.6,0.0,12.78,12.7,-0.08,20.24,20.8,0.56,,,,19.87,19.42,-0.45,266973.0,262354.0,-4619.0
A B Real Estate,ABREL,/company/ABREL/consolidated/,1078.00,12035.79,Jun 2026,Mar 2026,True,50.21,50.21,0.0,9.04,9.26,0.22,16.4,16.63,0.23,0.01,0.0,-0.01,23.34,23.14,-0.2,96982.0,95594.0,-1388.0
A C J K Exports,AEROPLANE,/company/AEROPLANE/consolidated/,209.24,2165.58,Jun 2026,Mar 2026,True,78.78,78.78,0.0,3.5,1.89,-1.61,2.63,5.44,2.81,3.89,0.91,-2.98,11.2,12.98,1.78,106988.0,43063.0,-63925.0
A.K.Capital Serv,AKCAPIT,/company/AKCAPIT/consolidated/,1709.10,1132.35,Jun 2026,Mar 2026,True,72.16,72.24,0.08,,,,0.0,0.11,0.11,,,,27.84,27.65,-0.19,2946.0,2825.0,-121.0
Aadhar Hsg. Fin.,AADHARHFC,/company/AADHARHFC/consolidated/,453.80,19909.64,Jun 2026,Mar 2026,True,64.9,64.66,-0.24,6.13,5.8,-0.33,9.15,9.92,0.77,,,,19.83,19.61,-0.22,184772.0,162826.0,-21946.0
Aarti Industries,AARTIIND,/company/AARTIIND/consolidated/,481.15,17470.00,Jun 2026,Mar 2026,True,42.09,41.82,-0.27,7.38,7.0,-0.38,20.12,21.11,0.99,0.01,0.01,0.0,30.39,30.08,-0.31,384210.0,370868.0,-13342.0
Aayush Art,540718,/company/540718/,1271.85,1947.48,Mar 2026,Sep 2025,True,20.71,24.63,3.92,,,,,,,,,,79.29,75.38,-3.91,249.0,299.0,50.0
Abans Financial,AFSL,/company/AFSL/consolidated/,201.00,1029.42,Jun 2026,Mar 2026,True,71.36,71.11,-0.25,19.02,20.71,1.69,0.0,0.0,0.0,,,,9.61,8.18,-1.43,14635.0,14110.0,-525.0
Abbott India,ABBOTINDIA,/company/ABBOTINDIA/,26115.00,55345.78,Jun 2026,Mar 2026,True,74.99,74.99,0.0,0.27,0.38,0.11,8.93,8.77,-0.16,,,,15.81,15.85,0.04,75866.0,78320.0,2454.0
Accent Microcell,ACCENTMIC,/company/ACCENTMIC/,662.80,1589.99,Jun 2026,Mar 2026,True,55.47,53.02,-2.45,0.58,0.91,0.33,3.59,3.54,-0.05,,,,40.36,42.53,2.17,3054.0,3178.0,124.0
ACME Solar Hold.,ACMESOLAR,/company/ACMESOLAR/consolidated/,448.20,31674.70,Jun 2026,Mar 2026,True,83.29,71.4,-11.89,3.6,4.39,0.79,7.05,19.1,12.05,,,,5.96,4.92,-1.04,164635.0,143209.0,-21426.0
Acutaas Chemical,ACUTAAS,/company/ACUTAAS/consolidated/,3156.70,25872.84,Jun 2026,Mar 2026,True,32.66,32.66,0.0,19.48,21.61,2.13,19.6,19.55,-0.05,0.01,0.01,0.0,28.24,26.16,-2.08,112939.0,125569.0,12630.0
Adani Energy Sol,ADANIENSOL,/company/ADANIENSOL/consolidated/,1350.10,165969.51,Jul 2026,Jun 2026,True,74.71,73.39,-1.32,10.14,10.31,0.17,11.77,13.05,1.28,,,,3.39,3.26,-0.13,385315.0,376377.0,-8938.0
Adani Enterp.,ADANIENT,/company/ADANIENT/consolidated/,2849.90,386523.82,Jul 2026,Jun 2026,True,74.84,71.97,-2.87,8.77,10.51,1.74,9.34,10.75,1.41,,,,7.06,6.78,-0.28,596414.0,588595.0,-7819.0
Adani Green,ADANIGREEN,/company/ADANIGREEN/consolidated/,1276.10,210196.15,Jun 2026,Mar 2026,True,62.44,62.43,-0.01,11.1,11.84,0.74,4.56,4.82,0.26,,,,21.92,20.9,-1.02,930970.0,799143.0,-131827.0
Adani Ports,ADANIPORTS,/company/ADANIPORTS/consolidated/,1783.40,410656.58,Jun 2026,Mar 2026,True,68.02,66.03,-1.99,13.25,15.58,2.33,13.86,13.6,-0.26,,,,4.89,4.79,-0.1,1095768.0,1072323.0,-23445.0
Adani Power,ADANIPOWER,/company/ADANIPOWER/consolidated/,202.40,390905.66,Jun 2026,Mar 2026,True,74.96,74.96,0.0,11.73,11.76,0.03,3.69,4.07,0.38,,,,9.63,9.2,-0.43,2087011.0,2116256.0,29245.0
Adani Total Gas,ATGL,/company/ATGL/,588.45,64796.09,Jun 2026,Mar 2026,True,74.8,74.8,0.0,12.75,12.77,0.02,6.26,6.34,0.08,,,,6.18,6.07,-0.11,636149.0,596758.0,-39391.0
ADF Foods,ADFFOODS,/company/ADFFOODS/consolidated/,293.10,3216.68,Jun 2026,Mar 2026,True,36.14,36.14,0.0,11.55,11.59,0.04,23.21,21.3,-1.91,,,,29.12,30.99,1.87,40319.0,39264.0,-1055.0
Aditya AMC,ABSLAMC,/company/ABSLAMC/consolidated/,1009.65,29232.39,Jun 2026,Mar 2026,True,74.82,74.72,-0.1,5.75,4.41,-1.34,11.55,14.26,2.71,0.03,0.03,0.0,7.85,6.58,-1.27,244638.0,236462.0,-8176.0
Aditya Birla Cap,ABCAPITAL,/company/ABCAPITAL/consolidated/,378.90,103861.54,Jun 2026,Mar 2026,True,68.51,68.81,0.3,7.01,7.94,0.93,13.71,13.36,-0.35,0.12,0.11,-0.01,10.64,9.77,-0.87,522128.0,513052.0,-9076.0
Aditya Infotech,CPPLUS,/company/CPPLUS/consolidated/,3976.00,48761.97,Sep 2026,Jun 2026,True,74.71,71.8,-2.91,6.35,6.99,0.64,13.61,15.8,2.19,,,,5.34,5.41,0.07,58182.0,68747.0,10565.0
Aditya Vision,AVL,/company/AVL/,595.10,7689.48,Jun 2026,Mar 2026,True,47.14,47.14,0.0,16.18,15.05,-1.13,19.57,21.67,2.1,,,,17.11,16.13,-0.98,33945.0,33586.0,-359.0
Ador Welding,ADOR,/company/ADOR/,1535.00,2658.59,Jun 2026,Mar 2026,True,53.76,53.76,0.0,0.37,1.05,0.68,12.63,10.47,-2.16,,,,33.26,34.72,1.46,35567.0,35275.0,-292.0
Advait Energy,ADVAIT,/company/ADVAIT/consolidated/,1946.90,2133.33,Jun 2026,Mar 2026,True,66.8,66.76,-0.04,0.21,0.68,0.47,0.13,0.04,-0.09,,,,32.84,32.51,-0.33,33066.0,33709.0,643.0
Advanced Enzyme,ADVENZYMES,/company/ADVENZYMES/consolidated/,273.10,3054.14,Jun 2026,Mar 2026,True,43.26,43.25,-0.01,25.5,26.7,1.2,5.41,4.77,-0.64,,,,25.85,25.28,-0.57,66193.0,63599.0,-2594.0
Aequs,AEQUS,/company/AEQUS/consolidated/,286.10,19150.72,Jun 2026,Mar 2026,True,59.08,59.09,0.01,3.9,5.17,1.27,11.39,8.85,-2.54,,,,23.29,24.62,1.33,40774.0,53564.0,12790.0
Aeroflex,AEROFLEX,/company/AEROFLEX/consolidated/,560.75,7413.64,Jun 2026,Mar 2026,True,65.47,65.47,0.0,1.49,3.61,2.12,3.8,1.48,-2.32,,,,29.23,29.45,0.22,97254.0,109759.0,12505.0
Aeroflex Enter.,AEROENTER,/company/AEROENTER/consolidated/,132.56,1499.40,Jun 2026,Mar 2026,True,51.59,52.3,0.71,0.54,1.25,0.71,0.06,0.07,0.01,,,,47.81,46.39,-1.42,35374.0,36992.0,1618.0
Aether Industri.,AETHER,/company/AETHER/consolidated/,1799.80,23917.24,Jun 2026,Mar 2026,True,74.94,74.92,-0.02,6.29,7.42,1.13,12.66,10.49,-2.17,,,,6.1,7.17,1.07,65562.0,65336.0,-226.0
Afcom Holdings,544224,/company/544224/,1501.40,4341.09,Jun 2026,Mar 2026,True,40.61,35.84,-4.77,0.05,0.68,0.63,0.85,7.96,7.11,,,,58.49,55.52,-2.97,6454.0,6978.0,524.0
AGI Infra,AGIIL,/company/AGIIL/consolidated/,259.10,3238.69,Jun 2026,Mar 2026,True,71.29,71.29,0.0,3.98,4.68,0.7,0.01,0.01,0.0,,,,24.71,24.02,-0.69,9169.0,11736.0,2567.0
Ahluwalia Contr.,AHLUCONT,/company/AHLUCONT/consolidated/,576.05,3862.55,Jun 2026,Mar 2026,True,55.32,55.32,0.0,13.74,14.05,0.31,22.32,22.32,0.0,,,,8.61,8.32,-0.29,36498.0,34624.0,-1874.0
AIA Engineering,AIAENG,/company/AIAENG/consolidated/,3914.70,36536.86,Jun 2026,Mar 2026,True,58.5,58.5,0.0,16.79,16.87,0.08,22.03,22.1,0.07,0.0,0.0,0.0,2.69,2.54,-0.15,59500.0,58979.0,-521.0
Ajanta Pharma,AJANTPHARM,/company/AJANTPHARM/consolidated/,3573.40,44622.14,Jun 2026,Mar 2026,True,66.25,63.49,-2.76,8.26,7.68,-0.58,18.36,21.8,3.44,0.01,0.0,-0.01,7.14,7.03,-0.11,67955.0,65296.0,-2659.0
Ajax Engineering,AJAXENGG,/company/AJAXENGG/,585.85,6711.25,Jun 2026,Mar 2026,True,80.0,80.0,0.0,5.65,4.67,-0.98,10.15,11.17,1.02,,,,4.2,4.17,-0.03,72001.0,69540.0,-2461.0
Ajmera Realty,AJMERA,/company/AJMERA/consolidated/,116.24,2285.60,Jun 2026,Mar 2026,True,68.23,68.56,0.33,0.78,0.95,0.17,1.13,0.82,-0.31,,,,29.87,29.69,-0.18,25013.0,27336.0,2323.0
Akums Drugs,AKUMS,/company/AKUMS/consolidated/,814.65,12834.12,Jun 2026,Mar 2026,True,75.26,75.26,0.0,1.38,1.91,0.53,14.36,13.44,-0.92,,,,6.29,6.67,0.38,72589.0,70289.0,-2300.0
Alembic,ALEMBICLTD,/company/ALEMBICLTD/consolidated/,104.99,2695.69,Jun 2026,Mar 2026,True,70.88,70.88,0.0,1.25,1.25,0.0,0.05,0.06,0.01,,,,27.81,27.82,0.01,102008.0,101238.0,-770.0
Alivus Life,ALIVUS,/company/ALIVUS/,1384.00,17013.86,Jun 2026,Mar 2026,True,74.87,74.87,0.0,5.3,5.54,0.24,7.27,7.18,-0.09,,,,12.55,12.42,-0.13,127969.0,125559.0,-2410.0
Alkem Lab,ALKEM,/company/ALKEM/consolidated/,5292.00,63538.72,Jun 2026,Mar 2026,True,51.2,49.7,-1.5,10.15,10.42,0.27,21.39,22.64,1.25,,,,17.25,17.25,0.0,62835.0,62822.0,-13.0
Alkyl Amines,ALKYLAMINE,/company/ALKYLAMINE/,1962.20,10040.95,Jun 2026,Mar 2026,True,72.05,72.04,-0.01,3.45,3.5,0.05,3.01,3.1,0.09,,,,21.49,21.36,-0.13,146028.0,142625.0,-3403.0
All Time Plastic,ALLTIME,/company/ALLTIME/,184.36,1210.33,Jun 2026,Mar 2026,True,70.15,70.15,0.0,2.93,2.98,0.05,10.29,10.36,0.07,,,,16.63,16.52,-0.11,29699.0,28843.0,-856.0
Allied Blenders,ABDL,/company/ABDL/consolidated/,714.65,19996.66,Jun 2026,Mar 2026,True,80.91,80.91,0.0,3.23,3.24,0.01,4.82,5.07,0.25,,,,11.03,10.77,-0.26,119762.0,112420.0,-7342.0
Amara Raja Ener.,ARE&M,/company/ARE&M/,742.90,13602.46,Jun 2026,Mar 2026,True,32.86,32.86,0.0,17.31,17.34,0.03,16.95,15.31,-1.64,,,,32.88,34.5,1.62,809144.0,818619.0,9475.0
Amic Forging,544037,/company/544037/consolidated/,2555.10,2950.84,Mar 2026,Sep 2025,True,57.96,57.96,0.0,0.15,0.15,0.0,0.48,0.56,0.08,,,,41.41,41.32,-0.09,2723.0,2686.0,-37.0
Amrutanjan Healt,AMRUTANJAN,/company/AMRUTANJAN/,523.70,1517.27,Jun 2026,Mar 2026,True,46.52,46.52,0.0,2.17,2.44,0.27,12.66,12.29,-0.37,,,,38.61,38.72,0.11,45805.0,45135.0,-670.0
Anand Rathi Wea.,ANANDRATHI,/company/ANANDRATHI/,2142.00,35566.04,Jun 2026,Mar 2026,True,43.11,41.37,-1.74,5.78,6.37,0.59,9.1,10.4,1.3,0.0,0.0,0.0,42.01,41.86,-0.15,64931.0,80729.0,15798.0
Andhra Sugars,ANDHRSUGAR,/company/ANDHRSUGAR/consolidated/,94.42,1280.98,Jun 2026,Mar 2026,True,50.49,50.49,0.0,2.53,2.86,0.33,0.0,0.0,0.0,,,,46.97,46.64,-0.33,52819.0,51307.0,-1512.0
Angel One,ANGELONE,/company/ANGELONE/consolidated/,295.00,27118.42,Jun 2026,Mar 2026,True,28.8,28.59,-0.21,12.81,13.76,0.95,18.88,20.34,1.46,0.0,0.01,0.01,39.52,37.3,-2.22,359235.0,356468.0,-2767.0
Anlon Healthcare,AHCL,/company/AHCL/consolidated/,29.66,1571.94,Jun 2026,Mar 2026,True,52.68,52.68,0.0,0.32,1.67,1.35,4.6,1.23,-3.37,,,,42.4,44.43,2.03,12484.0,34671.0,22187.0
Antelopus Selan,ANTELOPUS,/company/ANTELOPUS/,1100.60,3890.48,Jun 2026,Mar 2026,True,69.94,69.94,0.0,0.26,0.41,0.15,0.03,0.76,0.73,,,,29.78,28.9,-0.88,26349.0,24275.0,-2074.0
Anthem Bioscienc,ANTHEM,/company/ANTHEM/consolidated/,890.35,50153.89,Jun 2026,Mar 2026,True,74.67,71.42,-3.25,1.28,2.57,1.29,11.55,13.48,1.93,,,,12.48,12.52,0.04,180220.0,173273.0,-6947.0
Anupam Rasayan,ANURAS,/company/ANURAS/consolidated/,1170.20,13350.80,Jun 2026,Mar 2026,True,59.07,59.07,0.0,6.91,7.72,0.81,0.35,0.38,0.03,,,,33.65,32.82,-0.83,43475.0,42776.0,-699.0
Apar Inds.,APARINDS,/company/APARINDS/consolidated/,18016.00,75421.16,Aug 2026,Jun 2026,True,57.76,55.42,-2.34,10.76,11.36,0.6,23.02,24.88,1.86,,,,8.47,8.34,-0.13,95279.0,97938.0,2659.0
Apcotex Industri,APCOTEXIND,/company/APCOTEXIND/,610.70,3162.41,Jun 2026,Mar 2026,True,58.23,58.23,0.0,0.64,0.69,0.05,2.23,1.91,-0.32,,,,38.93,39.18,0.25,30391.0,30918.0,527.0
Apeejay Surrend.,PARKHOTELS,/company/PARKHOTELS/consolidated/,103.19,2205.63,Jun 2026,Mar 2026,True,68.21,68.21,0.0,4.0,4.07,0.07,8.53,8.81,0.28,,,,19.25,18.91,-0.34,51406.0,50557.0,-849.0
APL Apollo Tubes,APLAPOLLO,/company/APLAPOLLO/consolidated/,2152.00,59833.30,Jun 2026,Mar 2026,True,28.25,28.25,0.0,37.52,35.12,-2.4,16.05,18.58,2.53,,,,18.18,18.04,-0.14,158128.0,158947.0,819.0
Apollo Micro Sys,APOLLO,/company/APOLLO/consolidated/,408.05,15168.78,Jun 2026,Mar 2026,True,51.98,49.98,-2.0,3.63,7.59,3.96,1.82,1.71,-0.11,,,,42.58,40.72,-1.86,373806.0,398043.0,24237.0
Apollo Pipes,APOLLOPIPE,/company/APOLLOPIPE/consolidated/,529.80,2336.76,Jun 2026,Mar 2026,True,51.72,51.72,0.0,2.22,2.53,0.31,10.77,7.2,-3.57,,,,35.01,38.29,3.28,44305.0,39071.0,-5234.0
Aptus Value Hou.,APTUS,/company/APTUS/consolidated/,223.90,11213.59,Jun 2026,Mar 2026,True,23.86,23.86,0.0,30.34,29.96,-0.38,29.43,29.9,0.47,,,,16.35,16.27,-0.08,166229.0,166122.0,-107.0
Arih.Found.Hsg.,ARIHANT,/company/ARIHANT/consolidated/,942.50,1023.80,Jun 2026,Mar 2026,True,37.29,37.29,0.0,0.0,0.01,0.01,1.84,1.84,0.0,,,,60.86,60.84,-0.02,3188.0,3218.0,30.0
Arihant Super.,ARIHANTSUP,/company/ARIHANTSUP/consolidated/,230.25,1000.91,Jun 2026,Mar 2026,True,71.1,71.1,0.0,0.17,0.18,0.01,0.0,0.0,0.0,,,,28.73,28.71,-0.02,6753.0,7103.0,350.0
Arman Financial,ARMANFIN,/company/ARMANFIN/consolidated/,1743.70,1831.30,Jun 2026,Mar 2026,True,22.0,22.0,0.0,2.61,3.08,0.47,4.18,4.85,0.67,,,,71.2,70.07,-1.13,33752.0,32079.0,-1673.0
Arrow Greentech,ARROWGREEN,/company/ARROWGREEN/consolidated/,891.75,1343.04,Jun 2026,Mar 2026,True,64.83,65.65,0.82,0.06,0.2,0.14,0.82,0.99,0.17,,,,34.28,33.16,-1.12,21442.0,20487.0,-955.0
Artemis Medicare,ARTEMISMED,/company/ARTEMISMED/,318.35,5044.35,Jun 2026,Mar 2026,True,58.39,58.39,0.0,12.19,12.28,0.09,2.89,2.4,-0.49,6.16,6.16,0.0,20.37,20.76,0.39,32044.0,36335.0,4291.0
Arvind Fashions.,ARVINDFASN,/company/ARVINDFASN/consolidated/,406.40,5442.96,Jun 2026,Mar 2026,True,35.1,35.1,0.0,11.97,12.15,0.18,24.63,24.99,0.36,,,,28.3,27.76,-0.54,177446.0,174838.0,-2608.0
Arvind Ltd,ARVIND,/company/ARVIND/consolidated/,534.65,14555.63,Aug 2026,Jun 2026,True,39.53,38.09,-1.44,16.44,15.88,-0.56,19.88,22.78,2.9,,,,24.14,23.26,-0.88,181012.0,181024.0,12.0
Arvind SmartSp.,ARVSMART,/company/ARVSMART/consolidated/,603.80,2771.27,Jun 2026,Mar 2026,True,53.83,53.83,0.0,0.67,0.69,0.02,8.6,8.99,0.39,,,,36.91,36.5,-0.41,93140.0,92477.0,-663.0
Ashika Global Securities.,ASHIKAG,/company/ASHIKAG/consolidated/,389.40,2894.26,Jun 2026,Mar 2026,True,58.0,74.32,16.32,0.73,1.45,0.72,0.73,0.44,-0.29,,,,40.55,23.8,-16.75,4341.0,4572.0,231.0
Asian Energy,ASIANENE,/company/ASIANENE/consolidated/,463.75,2257.71,Jun 2026,Mar 2026,True,60.75,56.14,-4.61,1.34,1.39,0.05,0.81,0.27,-0.54,,,,37.05,42.19,5.14,20289.0,23990.0,3701.0
Asian Granito,ASIANTILES,/company/ASIANTILES/consolidated/,48.10,1420.26,Jun 2026,Mar 2026,True,38.79,38.79,0.0,1.05,1.37,0.32,0.13,0.14,0.01,,,,60.03,59.69,-0.34,77037.0,77330.0,293.0
Asian Hotels (N),ASIANHOTNR,/company/ASIANHOTNR/,328.65,1408.31,Jun 2026,Mar 2026,True,0.0,0.0,0.0,2.58,2.58,0.0,1.69,1.97,0.28,,,,95.73,95.45,-0.28,9287.0,9250.0,-37.0
Asian Paints,ASIANPAINT,/company/ASIANPAINT/consolidated/,2424.20,231955.22,Jun 2026,Mar 2026,True,52.63,52.63,0.0,12.11,13.32,1.21,21.74,20.7,-1.04,0.07,0.07,0.0,13.39,13.19,-0.2,1001799.0,959219.0,-42580.0
ASK Automotive,ASKAUTOLTD,/company/ASKAUTOLTD/consolidated/,609.75,12022.74,Jun 2026,Mar 2026,True,74.95,74.95,0.0,9.29,9.5,0.21,10.25,10.97,0.72,,,,5.52,4.58,-0.94,83847.0,79443.0,-4404.0
ASM Technologies,526433,/company/526433/consolidated/,6845.35,9985.07,Jun 2026,Mar 2026,True,57.96,57.65,-0.31,0.23,0.49,0.26,0.43,0.72,0.29,,,,41.39,41.13,-0.26,28455.0,28766.0,311.0
Assoc.Alcohols,ASALCBR,/company/ASALCBR/,598.70,1192.83,Jun 2026,Mar 2026,True,62.35,62.35,0.0,0.33,0.68,0.35,0.94,1.26,0.32,,,,36.37,35.71,-0.66,42643.0,40991.0,-1652.0
Astra Microwave,ASTRAMICRO,/company/ASTRAMICRO/consolidated/,1705.90,16199.12,Jun 2026,Mar 2026,True,6.54,6.54,0.0,7.56,10.74,3.18,15.42,16.09,0.67,,,,70.49,66.64,-3.85,116138.0,117894.0,1756.0
Astrazeneca Phar,ASTRAZEN,/company/ASTRAZEN/,5980.50,14941.14,Jun 2026,Mar 2026,True,75.0,75.0,0.0,2.78,2.68,-0.1,5.79,6.08,0.29,,,,16.42,16.24,-0.18,29007.0,29338.0,331.0
Atul,ATUL,/company/ATUL/consolidated/,6000.00,17696.03,Jun 2026,Mar 2026,True,45.22,45.33,0.11,7.5,7.44,-0.06,25.89,25.93,0.04,0.0,0.0,0.0,21.37,21.3,-0.07,56855.0,56570.0,-285.0
AU Small Finance,AUBANK,/company/AUBANK/,1028.00,77255.71,Jun 2026,Mar 2026,True,22.76,22.74,-0.02,37.27,35.98,-1.29,31.3,32.81,1.51,,,,8.67,8.47,-0.2,167443.0,162894.0,-4549.0
Aurobindo Pharma,AUROPHARMA,/company/AUROPHARMA/consolidated/,1692.80,97685.75,Jun 2026,Mar 2026,True,51.82,51.88,0.06,15.24,16.38,1.14,25.82,25.05,-0.77,0.05,0.05,0.0,7.08,6.63,-0.45,241298.0,239073.0,-2225.0
Aurum Proptech,AURUM,/company/AURUM/consolidated/,232.37,1671.61,Jun 2026,Mar 2026,True,47.41,47.89,0.48,0.13,0.42,0.29,,,,,,,52.45,51.69,-0.76,56379.0,55252.0,-1127.0
Authum Invest,AIIL,/company/AIIL/,550.15,46703.21,Jun 2026,Mar 2026,True,68.81,68.81,0.0,14.23,14.28,0.05,0.19,0.2,0.01,,,,16.76,16.69,-0.07,39531.0,37689.0,-1842.0
Automotive Axles,AUTOAXLES,/company/AUTOAXLES/,1638.10,2464.85,Jun 2026,Mar 2026,True,71.04,71.04,0.0,0.83,0.75,-0.08,15.15,15.44,0.29,,,,12.99,12.78,-0.21,24109.0,23383.0,-726.0
Avalon Tech,AVALON,/company/AVALON/consolidated/,2400.40,16064.75,Jun 2026,Mar 2026,True,44.41,44.39,-0.02,6.42,7.81,1.39,26.17,24.72,-1.45,,,,22.98,23.08,0.1,65594.0,72969.0,7375.0
Avantel,AVANTEL,/company/AVANTEL/consolidated/,151.08,4017.80,Jun 2026,Mar 2026,True,37.04,37.04,0.0,0.55,1.54,0.99,0.92,1.14,0.22,,,,61.48,60.28,-1.2,197774.0,189918.0,-7856.0
Avanti Feeds,AVANTIFEED,/company/AVANTIFEED/consolidated/,714.10,9714.28,Jun 2026,Mar 2026,True,43.23,43.23,0.0,7.63,7.19,-0.44,6.82,7.35,0.53,2.72,2.72,0.0,39.6,39.5,-0.1,116798.0,122500.0,5702.0
Avenue Super.,DMART,/company/DMART/consolidated/,3581.90,233238.93,Jun 2026,Mar 2026,True,74.51,74.48,-0.03,9.0,9.22,0.22,8.77,8.67,-0.1,0.07,0.07,0.0,7.64,7.55,-0.09,573764.0,542175.0,-31589.0
AvenuesAI,CCAVENUE,/company/CCAVENUE/consolidated/,15.35,5351.12,Jun 2026,Mar 2026,True,27.29,27.29,0.0,5.74,5.93,0.19,0.21,0.17,-0.04,,,,66.3,66.18,-0.12,728580.0,721157.0,-7423.0
AWFIS Space,AWFIS,/company/AWFIS/consolidated/,243.54,1739.82,Jun 2026,Mar 2026,True,17.0,17.0,0.0,26.35,26.92,0.57,39.52,38.51,-1.01,,,,17.12,17.58,0.46,48389.0,49296.0,907.0
AXISCADES Tech.,AXISCADES,/company/AXISCADES/consolidated/,2288.50,9734.43,Jun 2026,Mar 2026,True,58.05,58.03,-0.02,1.16,1.45,0.29,1.63,1.96,0.33,,,,39.15,38.56,-0.59,43908.0,46002.0,2094.0
AYM Syntex,AYMSYNTEX,/company/AYMSYNTEX/,289.25,1699.84,Jun 2026,Mar 2026,True,65.86,65.73,-0.13,3.42,3.62,0.2,0.46,0.48,0.02,,,,30.27,30.18,-0.09,8433.0,8140.0,-293.0
B H E L,BHEL,/company/BHEL/consolidated/,452.00,157904.57,Jun 2026,Mar 2026,True,58.17,58.17,0.0,7.23,9.52,2.29,23.93,22.35,-1.58,0.06,0.07,0.01,10.63,9.88,-0.75,1755262.0,1628020.0,-127242.0
Baazar Style,STYLEBAAZA,/company/STYLEBAAZA/,375.45,2861.80,Sep 2026,Jun 2026,True,44.8,37.63,-7.17,1.69,2.08,0.39,5.94,1.36,-4.58,,,,47.55,58.95,11.4,58870.0,52654.0,-6216.0
Bajaj Auto,BAJAJ-AUTO,/company/BAJAJ-AUTO/consolidated/,10017.00,275037.78,Jun 2026,Mar 2026,True,55.01,55.01,0.0,8.82,9.01,0.19,14.35,13.42,-0.93,0.12,0.12,0.0,21.62,22.44,0.82,314095.0,678954.0,364859.0
Bajaj Consumer,BAJAJCON,/company/BAJAJCON/consolidated/,493.50,6444.00,Jun 2026,Mar 2026,True,42.97,42.97,0.0,16.59,16.11,-0.48,14.27,14.91,0.64,,,,26.17,25.99,-0.18,118576.0,122807.0,4231.0
Bajaj Finance,BAJFINANCE,/company/BAJFINANCE/consolidated/,963.10,599004.13,Jun 2026,Mar 2026,True,54.71,54.68,-0.03,21.33,20.2,-1.13,15.1,16.3,1.2,0.08,0.09,0.01,8.73,8.64,-0.09,1002945.0,985158.0,-17787.0
Bajaj Finserv,BAJAJFINSV,/company/BAJAJFINSV/consolidated/,1752.40,281774.89,Jun 2026,Mar 2026,True,58.72,58.72,0.0,7.23,6.9,-0.33,11.76,12.11,0.35,,,,22.16,22.23,0.07,601457.0,597797.0,-3660.0
Bajaj Healthcare,BAJAJHCARE,/company/BAJAJHCARE/,323.10,1087.82,Jun 2026,Mar 2026,True,58.29,58.59,0.3,1.98,2.19,0.21,2.91,1.92,-0.99,,,,36.82,37.3,0.48,38158.0,41310.0,3152.0
Bajaj Hindusthan,BAJAJHIND,/company/BAJAJHIND/consolidated/,21.33,5101.85,Jun 2026,Mar 2026,True,13.42,13.33,-0.09,1.14,1.14,0.0,50.41,50.67,0.26,,,,34.95,34.78,-0.17,765300.0,754171.0,-11129.0
Bajaj Holdings,BAJAJHLDNG,/company/BAJAJHLDNG/consolidated/,10600.00,119208.70,Jun 2026,Mar 2026,True,51.46,51.46,0.0,9.62,9.47,-0.15,8.08,8.26,0.18,,,,30.85,30.8,-0.05,83963.0,83499.0,-464.0
Bajel Projects,BAJEL,/company/BAJEL/consolidated/,164.08,1905.10,Jun 2026,Mar 2026,True,62.53,62.53,0.0,0.5,0.53,0.03,9.58,9.2,-0.38,,,,27.39,27.72,0.33,83533.0,83063.0,-470.0
Balaji Amines,BALAMINES,/company/BALAMINES/consolidated/,2287.70,7413.52,Jun 2026,Mar 2026,True,54.59,54.56,-0.03,2.99,3.17,0.18,1.46,1.58,0.12,,,,40.96,40.69,-0.27,115754.0,111615.0,-4139.0
Balmer Lawrie,BALMLAWRIE,/company/BALMLAWRIE/consolidated/,158.78,2717.60,Jun 2026,Mar 2026,True,,,,2.22,2.38,0.16,1.79,1.79,0.0,0.02,0.02,0.0,95.96,95.79,-0.17,109420.0,108631.0,-789.0
Balrampur Chini,BALRAMCHIN,/company/BALRAMCHIN/consolidated/,691.30,14634.27,Jun 2026,Mar 2026,True,42.86,42.86,0.0,10.43,9.33,-1.1,27.67,29.09,1.42,,,,19.03,18.71,-0.32,186610.0,187662.0,1052.0
Bandhan Bank,BANDHANBNK,/company/BANDHANBNK/,164.15,26363.95,Jun 2026,Mar 2026,True,38.98,37.54,-1.44,22.07,18.64,-3.43,22.33,27.47,5.14,0.07,0.07,0.0,16.55,16.26,-0.29,711284.0,664000.0,-47284.0
Bank of Baroda,BANKBARODA,/company/BANKBARODA/consolidated/,232.73,120586.20,Jun 2026,Mar 2026,True,63.97,63.97,0.0,9.69,10.14,0.45,18.92,18.33,-0.59,0.08,0.08,0.0,7.33,7.47,0.14,1459934.0,1460575.0,641.0
Bank of Maha,MAHABANK,/company/MAHABANK/consolidated/,80.80,62348.14,Jun 2026,Mar 2026,True,73.6,73.6,0.0,5.55,5.82,0.27,13.93,14.28,0.35,,,,6.93,6.32,-0.61,901410.0,875943.0,-25467.0
Bansal Wire Inds,BANSALWIRE,/company/BANSALWIRE/consolidated/,325.70,5095.87,Jun 2026,Mar 2026,True,77.99,75.0,-2.99,0.88,1.99,1.11,17.06,15.57,-1.49,,,,4.08,7.43,3.35,52905.0,50678.0,-2227.0
Bayer Crop Sci.,BAYERCROP,/company/BAYERCROP/,3533.40,15874.41,Jun 2026,Mar 2026,True,71.44,71.44,0.0,3.89,3.97,0.08,11.89,11.64,-0.25,,,,12.79,12.96,0.17,55795.0,58884.0,3089.0
Beezaasan Exp.,544369,/company/544369/consolidated/,754.30,1142.90,Mar 2026,Sep 2025,True,70.68,75.0,4.32,2.85,1.62,-1.23,3.94,3.76,-0.18,,,,22.52,19.63,-2.89,1002.0,937.0,-65.0
Belrise Industri,BELRISE,/company/BELRISE/,236.81,22910.07,Jul 2026,Jun 2026,True,66.46,61.14,-5.32,9.4,12.09,2.69,10.0,13.12,3.12,,,,14.14,13.63,-0.51,215956.0,221048.0,5092.0
BEML Ltd,BEML,/company/BEML/consolidated/,2042.20,17071.66,Jun 2026,Mar 2026,True,54.03,54.03,0.0,5.59,5.48,-0.11,18.71,19.4,0.69,,,,21.68,21.1,-0.58,200609.0,197269.0,-3340.0
Benares Hotels,BENARAS,/company/BENARAS/,10238.00,1326.50,Jun 2026,Mar 2026,True,62.58,62.58,0.0,0.02,0.02,0.0,0.01,0.05,0.04,,,,37.41,37.35,-0.06,6647.0,6717.0,70.0
Berger Paints,BERGEPAINT,/company/BERGEPAINT/consolidated/,472.55,55069.43,Jun 2026,Mar 2026,True,74.98,74.98,0.0,4.68,4.82,0.14,11.71,11.78,0.07,,,,8.63,8.4,-0.23,326701.0,312571.0,-14130.0
BF Investment,BFINVEST,/company/BFINVEST/consolidated/,441.35,1671.12,Jun 2026,Mar 2026,True,74.13,74.13,0.0,0.66,0.7,0.04,0.14,0.14,0.0,,,,25.07,25.02,-0.05,27575.0,27271.0,-304.0
BF Utilities,BFUTILITIE,/company/BFUTILITIE/,498.90,1877.34,Jun 2026,Mar 2026,True,56.73,56.73,0.0,1.57,1.61,0.04,0.05,0.06,0.01,,,,41.65,41.59,-0.06,47824.0,46840.0,-984.0
Bhagyanagar Ind,BHAGYANGR,/company/BHAGYANGR/consolidated/,432.95,1452.17,Aug 2026,Jun 2026,True,64.91,65.8,0.89,0.86,2.15,1.29,0.2,2.08,1.88,0.0,0.0,0.0,34.04,29.98,-4.06,30946.0,31751.0,805.0
Bhansali Engg.,BEPL,/company/BEPL/consolidated/,128.63,3201.58,Jun 2026,Mar 2026,True,57.48,57.48,0.0,1.36,1.39,0.03,0.0,0.0,0.0,,,,41.16,41.11,-0.05,113545.0,111850.0,-1695.0
Bharat Bijlee,BBL,/company/BBL/,2068.80,2340.38,Jun 2026,Mar 2026,True,33.65,33.65,0.0,4.1,5.84,1.74,17.95,15.63,-2.32,,,,44.3,44.88,0.58,42602.0,41365.0,-1237.0
Bharat Coking,BHARATCOAL,/company/BHARATCOAL/,32.05,14939.75,Jun 2026,Mar 2026,True,90.0,90.0,0.0,0.17,0.38,0.21,2.03,1.05,-0.98,0.02,0.0,-0.02,7.78,8.57,0.79,598787.0,556383.0,-42404.0
Bharat Dynamics,BDL,/company/BDL/,1101.80,40543.19,Jun 2026,Mar 2026,True,74.93,74.93,0.0,2.02,1.69,-0.33,10.97,11.53,0.56,,,,12.1,11.85,-0.25,568164.0,560750.0,-7414.0
Bharat Forge,BHARATFORG,/company/BHARATFORG/consolidated/,1880.00,91985.50,Sep 2026,Jun 2026,True,44.07,43.12,-0.95,15.04,15.18,0.14,32.18,32.86,0.68,0.15,0.0,-0.15,8.54,8.84,0.3,232361.0,227796.0,-4565.0
Bharat Parenter.,BPLPHARMA,/company/BPLPHARMA/consolidated/,1836.40,1265.34,Jun 2026,Mar 2026,True,67.17,67.2,0.03,0.11,0.11,0.0,1.07,1.38,0.31,,,,31.65,31.31,-0.34,3095.0,3059.0,-36.0
Bharat Seats,BHARATSE,/company/BHARATSE/,206.14,1294.62,Jun 2026,Mar 2026,True,74.66,74.66,0.0,0.15,0.15,0.0,0.21,0.22,0.01,,,,24.97,24.96,-0.01,29712.0,30200.0,488.0
Bharat Wire,BHARATWIRE,/company/BHARATWIRE/,165.28,1137.54,Jun 2026,Mar 2026,True,41.27,41.27,0.0,4.42,2.06,-2.36,0.32,19.0,18.68,,,,54.0,37.68,-16.32,31679.0,31626.0,-53.0
Bikaji Foods,BIKAJI,/company/BIKAJI/,481.10,12059.21,Jun 2026,Mar 2026,True,73.88,73.88,0.0,4.68,4.61,-0.07,17.28,17.51,0.23,,,,4.15,4.01,-0.14,114783.0,111049.0,-3734.0
Billionbrains,GROWW,/company/GROWW/consolidated/,193.19,121199.61,Jun 2026,Mar 2026,True,27.38,27.14,-0.24,2.51,6.89,4.38,5.92,10.08,4.16,,,,62.88,54.78,-8.1,706903.0,767929.0,61026.0
Biocon,BIOCON,/company/BIOCON/consolidated/,369.10,60160.15,Jun 2026,Mar 2026,True,44.91,44.68,-0.23,7.52,8.14,0.62,24.01,23.33,-0.68,0.05,0.05,0.0,23.4,23.75,0.35,386593.0,392833.0,6240.0
Birla Cable,BIRLACABLE,/company/BIRLACABLE/,395.45,1186.67,Jun 2026,Mar 2026,True,66.35,66.35,0.0,0.0,0.02,0.02,0.01,0.01,0.0,,,,33.64,33.62,-0.02,47691.0,48220.0,529.0
Birla Corpn.,BIRLACORPN,/company/BIRLACORPN/consolidated/,803.45,6180.14,Jun 2026,Mar 2026,True,62.9,62.9,0.0,6.26,6.13,-0.13,16.72,16.97,0.25,,,,14.12,14.0,-0.12,93942.0,88705.0,-5237.0
Black Box,BBOX,/company/BBOX/consolidated/,839.95,14920.20,Jun 2026,Mar 2026,True,69.99,69.95,-0.04,3.26,4.69,1.43,2.99,3.41,0.42,0.12,0.12,0.0,23.62,21.82,-1.8,73638.0,72559.0,-1079.0
Blackbuck,BLACKBUCK,/company/BLACKBUCK/consolidated/,596.00,10868.80,Jun 2026,Mar 2026,True,25.05,25.0,-0.05,32.45,31.47,-0.98,10.83,14.38,3.55,,,,31.67,29.14,-2.53,82331.0,79449.0,-2882.0
Bliss GVS Pharma,BLISSGVS,/company/BLISSGVS/consolidated/,676.45,7240.10,Jun 2026,Mar 2026,True,35.36,35.01,-0.35,10.45,8.07,-2.38,5.04,9.46,4.42,,,,49.15,47.45,-1.7,44874.0,46767.0,1893.0
BLS E-Services,BLSE,/company/BLSE/consolidated/,160.90,2933.78,Jun 2026,Mar 2026,True,69.81,71.87,2.06,0.46,0.64,0.18,0.01,0.02,0.01,,,,29.49,27.24,-2.25,76520.0,69588.0,-6932.0
Bluestone Jewel,BLUESTONE,/company/BLUESTONE/consolidated/,813.85,12435.47,Jun 2026,Mar 2026,True,16.27,16.25,-0.02,34.19,34.69,0.5,33.9,32.48,-1.42,,,,15.64,16.59,0.95,39697.0,40653.0,956.0
Borosil,BOROLTD,/company/BOROLTD/consolidated/,286.85,3430.37,Jun 2026,Mar 2026,True,64.68,64.68,0.0,0.34,0.35,0.01,6.18,6.2,0.02,,,,28.79,28.77,-0.02,74127.0,73935.0,-192.0
Borosil Renew.,BORORENEW,/company/BORORENEW/,449.85,6625.55,Aug 2026,Jun 2026,True,58.78,56.01,-2.77,6.14,5.62,-0.52,2.62,3.33,0.71,,,,32.46,35.04,2.58,225375.0,224437.0,-938.0
Borosil Scienti.,BOROSCI,/company/BOROSCI/consolidated/,113.27,1007.55,Jun 2026,Mar 2026,True,68.08,68.27,0.19,0.09,0.23,0.14,0.26,0.26,0.0,,,,31.57,31.22,-0.35,55319.0,53712.0,-1607.0
Brainbees Solut.,FIRSTCRY,/company/FIRSTCRY/consolidated/,177.57,9265.38,Jun 2026,Mar 2026,True,,,,3.52,3.61,0.09,23.67,22.71,-0.96,,,,65.75,66.7,0.95,140637.0,145922.0,5285.0
Brigade Hotel,BRIGHOTEL,/company/BRIGHOTEL/consolidated/,56.93,2164.34,Jun 2026,Mar 2026,True,74.09,74.09,0.0,0.67,0.81,0.14,20.02,19.82,-0.2,,,,5.21,5.27,0.06,39595.0,39091.0,-504.0
BSE,BSE,/company/BSE/consolidated/,3305.00,134805.69,Jun 2026,Mar 2026,True,,,,19.42,21.32,1.9,25.09,24.15,-0.94,0.09,0.09,0.0,55.4,54.45,-0.95,975435.0,999275.0,23840.0
C P C L,CHENNPETRO,/company/CHENNPETRO/consolidated/,1405.70,20945.93,Sep 2026,Jun 2026,True,67.29,67.29,0.0,14.98,15.79,0.81,1.01,1.18,0.17,,,,16.71,15.76,-0.95,149620.0,157141.0,7521.0
Cams Services,CAMS,/company/CAMS/,693.90,17240.24,Jun 2026,Mar 2026,True,0.0,0.0,0.0,44.44,44.88,0.44,22.06,23.54,1.48,0.01,0.01,0.0,33.5,31.56,-1.94,542124.0,526029.0,-16095.0
Canara Bank,CANBK,/company/CANBK/consolidated/,117.82,106780.31,Sep 2026,Jun 2026,True,62.93,62.93,0.0,12.68,12.27,-0.41,11.91,12.37,0.46,,,,12.48,12.43,-0.05,1521088.0,1510319.0,-10769.0
Capital Small,CAPITALSFB,/company/CAPITALSFB/,263.80,1203.89,Jun 2026,Mar 2026,True,18.01,18.29,0.28,0.55,0.59,0.04,28.06,27.48,-0.58,,,,53.39,53.65,0.26,63242.0,63826.0,584.0
Capri Global,CGCL,/company/CGCL/consolidated/,246.88,23788.32,Sep 2026,Jun 2026,True,59.92,59.92,0.0,8.21,13.0,4.79,18.42,17.05,-1.37,,,,13.46,10.03,-3.43,59632.0,81211.0,21579.0
Carborundum Uni.,CARBORUNIV,/company/CARBORUNIV/consolidated/,1269.60,24188.47,Jun 2026,Mar 2026,True,38.89,38.9,0.01,10.73,11.13,0.4,29.45,29.05,-0.4,0.01,0.01,0.0,20.91,20.91,0.0,65914.0,64977.0,-937.0
CARE Ratings,CARERATING,/company/CARERATING/consolidated/,1588.20,4762.97,Jun 2026,Mar 2026,True,,,,23.25,23.41,0.16,31.38,31.58,0.2,,,,45.37,45.01,-0.36,58978.0,58466.0,-512.0
Carysil,CARYSIL,/company/CARYSIL/consolidated/,1033.10,2944.97,Jun 2026,Mar 2026,True,41.34,41.34,0.0,1.59,1.63,0.04,11.74,11.91,0.17,0.0,0.0,0.0,45.35,45.11,-0.24,47620.0,50289.0,2669.0
CCL Products,CCL,/company/CCL/consolidated/,1054.90,14119.42,Jun 2026,Mar 2026,True,46.11,46.14,0.03,11.24,12.07,0.83,21.43,21.1,-0.33,,,,20.97,20.54,-0.43,62293.0,63904.0,1611.0
Ceigall India,CEIGALL,/company/CEIGALL/consolidated/,376.20,6552.74,Jun 2026,Mar 2026,True,82.05,82.05,0.0,3.14,3.88,0.74,5.37,3.65,-1.72,,,,9.44,10.41,0.97,149520.0,133934.0,-15586.0
Cemindia Project,CEMPRO,/company/CEMPRO/consolidated/,1159.80,19877.52,Jun 2026,Mar 2026,True,67.46,67.46,0.0,7.31,7.26,-0.05,1.94,2.86,0.92,,,,23.28,22.4,-0.88,90782.0,90808.0,26.0
Central Bank,CENTRALBK,/company/CENTRALBK/consolidated/,30.19,27335.20,Jun 2026,Mar 2026,True,89.27,81.19,-8.08,0.75,0.93,0.18,4.82,10.95,6.13,,,,5.16,6.93,1.77,714547.0,744225.0,29678.0
Centrum Capital,CENTRUM,/company/CENTRUM/consolidated/,20.85,1017.92,Jun 2026,Mar 2026,True,39.44,39.44,0.0,1.22,1.29,0.07,3.64,1.93,-1.71,,,,53.17,54.84,1.67,34991.0,35233.0,242.0
Centum Electron,CENTUM,/company/CENTUM/consolidated/,4451.00,6561.92,Jun 2026,Mar 2026,True,46.88,46.82,-0.06,2.37,3.31,0.94,21.51,19.67,-1.84,,,,29.24,30.2,0.96,26539.0,30466.0,3927.0
Cera Sanitary.,CERA,/company/CERA/,5122.50,6620.51,Jun 2026,Mar 2026,True,54.41,54.41,0.0,14.2,15.42,1.22,14.18,14.07,-0.11,,,,17.18,16.08,-1.1,141006.0,131617.0,-9389.0
CFF Fluid,543920,/company/543920/,1081.55,2268.45,Mar 2026,Sep 2025,True,68.06,68.06,0.0,0.01,0.01,0.0,0.52,0.66,0.14,,,,31.42,31.29,-0.13,5441.0,5120.0,-321.0
CG Power & Ind,CGPOWER,/company/CGPOWER/consolidated/,912.00,143878.40,Jun 2026,Mar 2026,True,56.36,56.36,0.0,12.03,11.97,-0.06,18.01,18.23,0.22,0.07,0.07,0.0,13.53,13.37,-0.16,521349.0,533530.0,12181.0
Chamanlal Setia,CLSEL,/company/CLSEL/,291.95,1454.31,Jun 2026,Mar 2026,True,74.05,74.05,0.0,3.08,3.3,0.22,1.58,1.57,-0.01,,,,21.29,21.08,-0.21,27693.0,27647.0,-46.0
Chola Financial,CHOLAHLDNG,/company/CHOLAHLDNG/consolidated/,1424.60,26755.54,Jun 2026,Mar 2026,True,46.38,46.44,0.06,13.81,13.0,-0.81,26.09,26.89,0.8,0.46,0.46,0.0,13.26,13.21,-0.05,47752.0,44121.0,-3631.0
Cholaman.Inv.&Fn,CHOLAFIN,/company/CHOLAFIN/consolidated/,1611.00,137415.64,Jun 2026,Mar 2026,True,49.25,49.23,-0.02,24.87,24.46,-0.41,19.91,20.62,0.71,,,,5.95,5.7,-0.25,160428.0,151219.0,-9209.0
CIE Automotive,CIEINDIA,/company/CIEINDIA/consolidated/,379.00,14370.23,Jun 2026,Mar 2026,True,65.7,65.7,0.0,4.73,4.95,0.22,21.32,20.65,-0.67,0.05,0.05,0.0,8.2,8.65,0.45,100114.0,110555.0,10441.0
Cipla,CIPLA,/company/CIPLA/consolidated/,1340.20,108392.56,Jun 2026,Mar 2026,True,29.22,29.22,0.0,22.55,20.2,-2.35,31.71,34.35,2.64,0.27,0.28,0.01,16.26,15.93,-0.33,584217.0,578679.0,-5538.0
Coal India,COALINDIA,/company/COALINDIA/consolidated/,411.65,253748.40,Jun 2026,Mar 2026,True,63.13,61.13,-2.0,8.38,10.37,1.99,22.76,22.2,-0.56,0.1,0.1,0.0,5.62,6.18,0.56,2632588.0,2551169.0,-81419.0
Cochin Shipyard,COCHINSHIP,/company/COCHINSHIP/,1282.00,33721.70,Jun 2026,Mar 2026,True,67.91,67.91,0.0,3.1,2.83,-0.27,6.05,6.96,0.91,,,,22.95,22.3,-0.65,986156.0,966293.0,-19863.0
Cohance Life,COHANCE,/company/COHANCE/consolidated/,457.00,17486.66,Jun 2026,Mar 2026,True,57.49,57.49,0.0,5.59,6.5,0.91,21.79,20.09,-1.7,0.01,0.01,0.0,15.11,15.92,0.81,85230.0,99149.0,13919.0
Colgate-Palmoliv,COLPAL,/company/COLPAL/,1809.40,49505.93,Jun 2026,Mar 2026,True,51.0,51.0,0.0,13.6,13.6,0.0,15.25,15.54,0.29,0.28,0.28,0.0,19.87,19.57,-0.3,333741.0,326817.0,-6924.0
Commerl. Synbags,COMSYN,/company/COMSYN/,263.00,1098.90,Sep 2026,Jun 2026,True,59.18,60.75,1.57,0.0,1.6,1.6,0.06,0.05,-0.01,,,,40.77,37.59,-3.18,5378.0,5715.0,337.0
Concord Control,543619,/company/543619/consolidated/,2428.30,2521.40,Mar 2026,Oct 2025,True,66.8,65.57,-1.23,0.0,0.05,0.05,0.23,0.63,0.4,,,,32.97,33.76,0.79,1883.0,1914.0,31.0
Confidence Petro,CONFIPET,/company/CONFIPET/consolidated/,86.67,2879.86,Jun 2026,Mar 2026,True,55.89,57.38,1.49,0.48,0.81,0.33,0.01,0.19,0.18,,,,43.63,41.62,-2.01,110008.0,100789.0,-9219.0
Coromandel Inter,COROMANDEL,/company/COROMANDEL/consolidated/,1788.30,52791.49,Jun 2026,Mar 2026,True,56.35,56.35,0.0,13.02,11.5,-1.52,18.19,19.92,1.73,,,,12.24,12.07,-0.17,137335.0,130118.0,-7217.0
Corona Remedies,CORONA,/company/CORONA/,2038.30,12450.96,Jun 2026,Mar 2026,True,69.0,69.0,0.0,2.25,3.63,1.38,7.02,12.9,5.88,,,,21.75,14.47,-7.28,19609.0,20185.0,576.0
Cosmic CRF,543928,/company/543928/consolidated/,1290.85,1226.65,Mar 2026,Sep 2025,True,54.75,55.11,0.36,0.2,0.09,-0.11,10.41,10.39,-0.02,,,,34.63,34.42,-0.21,3534.0,3452.0,-82.0
Cosmo First,COSMOFIRST,/company/COSMOFIRST/consolidated/,829.15,2179.42,Jun 2026,Mar 2026,True,40.78,40.78,0.0,2.13,2.4,0.27,1.13,1.49,0.36,,,,54.86,54.21,-0.65,36773.0,37610.0,837.0
Craftsman Auto,CRAFTSMAN,/company/CRAFTSMAN/consolidated/,10348.00,27163.05,Jun 2026,Mar 2026,True,48.7,42.41,-6.29,15.19,17.28,2.09,28.29,32.9,4.61,,,,7.82,7.41,-0.41,59164.0,64028.0,4864.0
Creative Newtech,CNL,/company/CNL/consolidated/,1070.00,1603.57,Jun 2026,Mar 2026,True,56.62,56.62,0.0,0.22,0.27,0.05,1.08,1.28,0.2,,,,42.09,41.83,-0.26,8832.0,9062.0,230.0
CreditAcc. Gram.,CREDITACC,/company/CREDITACC/,1265.80,20311.09,Jun 2026,Mar 2026,True,66.24,66.21,-0.03,12.94,13.48,0.54,12.59,12.67,0.08,,,,8.23,7.64,-0.59,83884.0,79071.0,-4813.0
Crest Ventures,CREST,/company/CREST/consolidated/,359.90,1015.38,Jun 2026,Mar 2026,True,69.75,69.84,0.09,1.71,1.71,0.0,,,,,,,27.9,27.81,-0.09,9115.0,8651.0,-464.0
Cummins India,CUMMINSIND,/company/CUMMINSIND/consolidated/,4919.00,136473.30,Jun 2026,Mar 2026,True,51.0,51.0,0.0,20.77,21.19,0.42,19.43,19.06,-0.37,0.1,0.1,0.0,8.68,8.65,-0.03,161993.0,173450.0,11457.0
Cupid,CUPID,/company/CUPID/,324.20,43607.96,Jun 2026,Mar 2026,True,46.03,46.24,0.21,1.01,4.17,3.16,0.17,0.34,0.17,,,,52.79,49.23,-3.56,209610.0,295432.0,85822.0
Cyient DLM,CYIENTDLM,/company/CYIENTDLM/consolidated/,939.00,7449.38,Jun 2026,Mar 2026,True,52.12,52.11,-0.01,0.79,0.24,-0.55,26.67,29.19,2.52,,,,20.4,18.45,-1.95,104644.0,98926.0,-5718.0
D-Link India,DLINKINDIA,/company/DLINKINDIA/consolidated/,419.95,1491.02,Jun 2026,Mar 2026,True,51.02,51.02,0.0,1.26,1.35,0.09,0.01,0.01,0.0,,,,47.71,47.62,-0.09,72775.0,73430.0,655.0
Danish Power,DANISH,/company/DANISH/,1010.00,1988.85,Mar 2026,Sep 2025,True,73.55,73.62,0.07,0.26,0.27,0.01,4.52,4.01,-0.51,,,,21.67,22.11,0.44,6216.0,5919.0,-297.0
Data Pattern,DATAPATTNS,/company/DATAPATTNS/,4299.20,24073.75,Jun 2026,Mar 2026,True,42.41,42.41,0.0,12.47,12.5,0.03,11.68,11.98,0.3,,,,33.43,33.11,-0.32,200453.0,214100.0,13647.0
Datamatics Glob.,DATAMATICS,/company/DATAMATICS/consolidated/,771.20,4561.24,Jun 2026,Mar 2026,True,66.33,66.33,0.0,0.48,0.5,0.02,0.11,0.1,-0.01,,,,33.09,33.07,-0.02,48119.0,48772.0,653.0
DCB Bank,DCBBANK,/company/DCBBANK/,200.78,6462.70,Jun 2026,Mar 2026,True,16.23,16.22,-0.01,12.64,13.48,0.84,32.8,32.28,-0.52,,,,38.33,38.03,-0.3,181785.0,177116.0,-4669.0
DCX Systems,DCXINDIA,/company/DCXINDIA/consolidated/,160.23,1783.83,Jun 2026,Mar 2026,True,52.17,52.17,0.0,0.83,1.72,0.89,2.91,2.69,-0.22,,,,44.09,43.43,-0.66,163978.0,160726.0,-3252.0
DDev Plastiks,DDEVPLSTIK,/company/DDEVPLSTIK/,249.79,2590.93,Jun 2026,Mar 2026,True,74.99,74.99,0.0,0.9,1.47,0.57,0.64,0.09,-0.55,,,,23.48,23.46,-0.02,33725.0,33896.0,171.0
Dec.Gold Mines,DECNGOLD,/company/DECNGOLD/consolidated/,199.16,4000.46,Jun 2026,Mar 2026,True,20.62,20.53,-0.09,1.84,2.14,0.3,0.23,0.53,0.3,,,,77.31,76.8,-0.51,52123.0,61047.0,8924.0
DEE Development,DEEDEV,/company/DEEDEV/consolidated/,651.70,4901.43,Jul 2026,Jun 2026,True,70.18,65.13,-5.05,2.17,4.67,2.5,10.79,14.16,3.37,,,,16.87,16.04,-0.83,44165.0,44179.0,14.0
Deep Industries,DEEPINDS,/company/DEEPINDS/consolidated/,748.95,4800.99,Jun 2026,Mar 2026,True,63.49,63.49,0.0,1.81,1.47,-0.34,1.13,1.53,0.4,,,,33.57,33.5,-0.07,37304.0,37020.0,-284.0
Deepak Fertilis.,DEEPAKFERT,/company/DEEPAKFERT/consolidated/,1385.60,17517.16,Jun 2026,Mar 2026,True,45.63,45.63,0.0,10.31,10.02,-0.29,13.24,14.69,1.45,,,,30.83,29.68,-1.15,196724.0,178847.0,-17877.0
Deepak Nitrite,DEEPAKNTR,/company/DEEPAKNTR/consolidated/,1560.60,21280.52,Jun 2026,Mar 2026,True,49.33,49.34,0.01,6.19,6.24,0.05,23.46,23.76,0.3,,,,21.01,20.65,-0.36,396798.0,382905.0,-13893.0
Delhivery,DELHIVERY,/company/DELHIVERY/consolidated/,407.50,30594.89,Jun 2026,Mar 2026,True,,,,48.23,41.93,-6.3,36.27,43.07,6.8,,,,15.51,15.0,-0.51,167299.0,175609.0,8310.0
Devyani Intl.,DEVYANI,/company/DEVYANI/consolidated/,129.53,15973.96,Jun 2026,Mar 2026,True,61.37,61.37,0.0,6.13,6.81,0.68,19.33,18.84,-0.49,,,,13.17,12.97,-0.2,252963.0,252889.0,-74.0
Dharmaj Crop,DHARMAJ,/company/DHARMAJ/,300.55,1014.42,Jun 2026,Mar 2026,True,70.4,70.4,0.0,3.13,3.13,0.0,0.47,0.5,0.03,,,,26.0,25.97,-0.03,27537.0,26567.0,-970.0
Diamond Power,DIACABS,/company/DIACABS/,368.30,21892.78,Jul 2026,Jun 2026,True,84.02,74.04,-9.98,1.77,4.56,2.79,0.23,10.94,10.71,0.0,0.02,0.02,13.98,10.45,-3.53,64103.0,74023.0,9920.0
Diffusion Eng,DIFFNKG,/company/DIFFNKG/consolidated/,454.10,1698.77,Jun 2026,Mar 2026,True,69.76,69.76,0.0,0.41,0.72,0.31,8.13,8.42,0.29,,,,20.9,20.31,-0.59,22256.0,21849.0,-407.0
Dilip Buildcon,DBL,/company/DBL/consolidated/,400.80,6508.33,Jun 2026,Mar 2026,True,63.14,63.14,0.0,1.97,1.99,0.02,6.1,6.12,0.02,,,,28.79,28.75,-0.04,61010.0,59900.0,-1110.0
Disa India,DISAQ,/company/DISAQ/consolidated/,11540.00,1699.91,Jun 2026,Mar 2026,True,74.82,74.82,0.0,0.02,0.02,0.0,8.27,8.31,0.04,,,,16.9,16.86,-0.04,4668.0,4735.0,67.0
Divgi Torq,DIVGIITTS,/company/DIVGIITTS/,1119.20,3421.93,Jun 2026,Mar 2026,True,60.56,60.56,0.0,1.97,1.86,-0.11,25.97,26.16,0.19,,,,11.5,11.42,-0.08,18093.0,17929.0,-164.0
Divi's Lab.,DIVISLAB,/company/DIVISLAB/consolidated/,9550.00,253058.81,Jun 2026,Mar 2026,True,51.88,51.88,0.0,20.29,20.19,-0.1,19.13,19.29,0.16,0.09,0.09,0.0,8.61,8.53,-0.08,228006.0,226324.0,-1682.0
Divine Power,DPEL,/company/DPEL/consolidated/,612.60,1529.37,Mar 2026,Sep 2025,True,63.2,63.2,0.0,0.0,0.01,0.01,0.46,0.0,-0.46,,,,36.34,36.79,0.45,938.0,1160.0,222.0
DLF,DLF,/company/DLF/consolidated/,666.10,165125.87,Sep 2026,Jun 2026,True,74.08,74.08,0.0,12.31,11.43,-0.88,8.03,9.06,1.03,0.01,0.01,0.0,5.56,5.41,-0.15,500743.0,485492.0,-15251.0
Dodla Dairy,DODLA,/company/DODLA/consolidated/,1019.90,6153.13,Jun 2026,Mar 2026,True,58.92,58.92,0.0,6.44,6.08,-0.36,25.34,25.85,0.51,,,,9.3,9.16,-0.14,33649.0,33213.0,-436.0
Dr Agarwal's Eye,DRAGARWQ,/company/DRAGARWQ/,5195.00,2526.59,Jun 2026,Mar 2026,True,72.67,72.67,0.0,2.2,2.24,0.04,2.12,2.05,-0.07,,,,22.99,23.03,0.04,24036.0,22954.0,-1082.0
Dr Agarwal's Hea,AGARWALEYE,/company/AGARWALEYE/consolidated/,486.85,15447.18,Jun 2026,Mar 2026,True,32.35,32.34,-0.01,57.94,57.97,0.03,7.83,7.72,-0.11,,,,1.87,1.97,0.1,43538.0,42492.0,-1046.0
Dr Lal Pathlabs,LALPATHLAB,/company/LALPATHLAB/consolidated/,1964.20,32978.91,Jun 2026,Mar 2026,True,53.21,53.19,-0.02,17.18,17.35,0.17,21.37,21.59,0.22,0.01,0.01,0.0,7.88,7.48,-0.4,114527.0,111037.0,-3490.0
Dr Reddy's Labs,DRREDDY,/company/DRREDDY/consolidated/,1208.00,100412.04,Jun 2026,Mar 2026,True,26.63,26.63,0.0,21.14,20.67,-0.47,30.72,31.75,1.03,,,,21.27,20.76,-0.51,449665.0,446086.0,-3579.0
Dredging Corpn.,DREDGECORP,/company/DREDGECORP/,909.00,2542.39,Jun 2026,Mar 2026,True,73.47,73.47,0.0,0.37,1.03,0.66,8.31,6.68,-1.63,0.04,0.04,0.0,17.81,18.79,0.98,48530.0,49078.0,548.0
Dynacons Sys.,DSSL,/company/DSSL/,1013.05,1293.68,Jun 2026,Mar 2026,True,60.89,60.89,0.0,0.37,1.08,0.71,0.3,0.28,-0.02,,,,38.45,37.74,-0.71,43055.0,41418.0,-1637.0
Dynamatic Tech.,DYNAMATECH,/company/DYNAMATECH/consolidated/,14279.00,9705.37,Jun 2026,Mar 2026,True,41.5,41.5,0.0,10.13,10.26,0.13,15.63,15.86,0.23,,,,32.76,32.38,-0.38,26206.0,25288.0,-918.0
E2E Networks,E2E,/company/E2E/,688.90,14152.73,Jun 2026,Mar 2026,True,39.45,39.45,0.0,0.91,1.27,0.36,6.58,6.07,-0.51,,,,52.98,53.15,0.17,68946.0,86433.0,17487.0
Easy Trip Plann.,EASEMYTRIP,/company/EASEMYTRIP/consolidated/,5.80,2311.09,Jun 2026,Mar 2026,True,47.72,43.56,-4.16,1.42,5.95,4.53,2.3,1.99,-0.31,,,,48.57,48.49,-0.08,1015650.0,991281.0,-24369.0
Edelweiss.Fin.,EDELWEISS,/company/EDELWEISS/consolidated/,135.53,12825.63,Jun 2026,Mar 2026,True,32.25,32.26,0.01,19.04,19.47,0.43,6.46,7.25,0.79,,,,42.25,41.01,-1.24,375474.0,352071.0,-23403.0
EIH,EIHOTEL,/company/EIHOTEL/consolidated/,300.70,18801.55,Jun 2026,Mar 2026,True,32.85,32.85,0.0,6.62,6.65,0.03,13.88,13.78,-0.1,,,,46.65,46.73,0.08,120134.0,121473.0,1339.0
Eimco Elecon(I),EIMCOELECO,/company/EIMCOELECO/,2371.80,1368.11,Jun 2026,Mar 2026,True,48.96,48.96,0.0,3.1,3.25,0.15,1.05,0.98,-0.07,,,,46.89,46.81,-0.08,18122.0,17825.0,-297.0
Elantas Beck,ELANTAS,/company/ELANTAS/,13937.00,11049.52,Jun 2026,Mar 2026,True,75.0,75.0,0.0,0.04,0.05,0.01,12.25,12.28,0.03,,,,12.71,12.67,-0.04,9307.0,9155.0,-152.0
Elecon Engg.Co,ELECON,/company/ELECON/consolidated/,446.30,10029.57,Jun 2026,Mar 2026,True,59.28,59.28,0.0,7.13,6.99,-0.14,5.67,7.18,1.51,0.04,0.04,0.0,27.89,26.52,-1.37,122574.0,116624.0,-5950.0
Electronics Mart,EMIL,/company/EMIL/consolidated/,201.42,7751.50,Jun 2026,Mar 2026,True,65.17,65.17,0.0,5.19,4.77,-0.42,20.08,20.89,0.81,,,,9.56,9.16,-0.4,109259.0,104678.0,-4581.0
Electrotherm(I),ELECTHERM,/company/ELECTHERM/consolidated/,806.65,1030.26,Jun 2026,Mar 2026,True,29.9,29.86,-0.04,5.86,9.28,3.42,0.8,0.78,-0.02,,,,63.45,60.09,-3.36,9635.0,8907.0,-728.0
Elgi Equipments,ELGIEQUIP,/company/ELGIEQUIP/consolidated/,599.25,18989.17,Jun 2026,Mar 2026,True,31.19,31.19,0.0,22.2,21.9,-0.3,9.08,10.12,1.04,,,,37.0,36.3,-0.7,89695.0,89318.0,-377.0
Emcure Pharma,EMCURE,/company/EMCURE/consolidated/,1922.40,36440.82,Jun 2026,Mar 2026,True,77.87,77.83,-0.04,3.35,4.87,1.52,6.1,8.46,2.36,,,,12.69,8.84,-3.85,122189.0,124991.0,2802.0
Emmvee Photovol.,EMMVEE,/company/EMMVEE/consolidated/,296.50,20528.03,Jun 2026,Mar 2026,True,80.03,80.03,0.0,2.45,2.92,0.47,12.28,9.8,-2.48,0.0,0.0,0.0,5.24,7.24,2.0,93389.0,132931.0,39542.0
eMudhra,EMUDHRA,/company/EMUDHRA/consolidated/,607.90,5039.17,Jun 2026,Mar 2026,True,54.4,54.4,0.0,3.13,3.92,0.79,13.33,10.55,-2.78,,,,28.21,31.12,2.91,69646.0,70010.0,364.0
Engineers India,ENGINERSIN,/company/ENGINERSIN/consolidated/,313.30,17611.64,Jun 2026,Mar 2026,True,51.32,51.32,0.0,9.66,9.17,-0.49,12.19,14.22,2.03,0.04,0.04,0.0,26.79,25.24,-1.55,421564.0,390132.0,-31432.0
Entero Healthcar,ENTERO,/company/ENTERO/consolidated/,1721.60,7501.55,Jun 2026,Mar 2026,True,52.42,52.4,-0.02,4.03,4.36,0.33,16.62,15.48,-1.14,,,,26.94,27.77,0.83,39084.0,39709.0,625.0
Enviro Infra,EIEL,/company/EIEL/consolidated/,185.54,3256.97,Jun 2026,Mar 2026,True,70.19,70.19,0.0,0.58,0.67,0.09,0.87,0.7,-0.17,,,,28.36,28.45,0.09,220192.0,225178.0,4986.0
Epack Durable,EPACK,/company/EPACK/consolidated/,173.75,1671.61,Jun 2026,Mar 2026,True,47.18,46.44,-0.74,0.28,0.34,0.06,6.56,5.24,-1.32,,,,45.97,47.97,2.0,130580.0,137211.0,6631.0
EPack PrefabTech,EPACKPEB,/company/EPACKPEB/consolidated/,247.82,2495.24,Jun 2026,Mar 2026,True,64.96,64.95,-0.01,10.91,11.1,0.19,3.15,3.03,-0.12,0.05,0.02,-0.03,20.93,20.88,-0.05,66353.0,66656.0,303.0
Epigral,EPIGRAL,/company/EPIGRAL/,1036.20,4468.77,Jun 2026,Mar 2026,True,68.83,68.83,0.0,1.54,1.03,-0.51,4.9,5.56,0.66,0.02,0.02,0.0,24.71,24.56,-0.15,77583.0,76305.0,-1278.0
EPL Ltd,EPL,/company/EPL/consolidated/,237.23,7617.28,Jun 2026,Mar 2026,True,26.38,26.38,0.0,17.22,14.07,-3.15,10.2,13.8,3.6,,,,46.2,45.75,-0.45,95910.0,91469.0,-4441.0
Equitas Sma. Fin,EQUITASBNK,/company/EQUITASBNK/,67.96,7791.46,Jun 2026,Mar 2026,True,,,,14.74,15.7,0.96,50.87,51.25,0.38,,,,34.38,33.04,-1.34,385971.0,369493.0,-16478.0
Esab India,ESABINDIA,/company/ESABINDIA/,5608.00,8631.39,Jun 2026,Mar 2026,True,73.72,73.72,0.0,1.56,1.62,0.06,12.88,12.87,-0.01,,,,11.84,11.78,-0.06,19837.0,20083.0,246.0
ESAF Small Fin,ESAFSFB,/company/ESAFSFB/,42.15,2202.48,Jun 2026,Mar 2026,True,63.28,63.25,-0.03,0.01,0.31,0.3,4.63,3.8,-0.83,,,,32.08,32.63,0.55,109246.0,107631.0,-1615.0
Escorts Kubota,ESCORTS,/company/ESCORTS/consolidated/,2811.70,31427.15,Jun 2026,Mar 2026,True,68.04,68.04,0.0,5.71,6.36,0.65,11.66,10.65,-1.01,,,,12.93,13.29,0.36,131303.0,138521.0,7218.0
Ethos,ETHOSLTD,/company/ETHOSLTD/consolidated/,2621.20,7019.79,Jun 2026,Mar 2026,True,50.58,50.58,0.0,10.89,11.33,0.44,23.59,23.91,0.32,,,,14.93,14.18,-0.75,38627.0,36940.0,-1687.0
Eureka Forbes,EUREKAFORB,/company/EUREKAFORB/,353.80,6838.92,Jun 2026,Mar 2026,True,62.56,62.55,-0.01,13.66,13.24,-0.42,6.16,6.7,0.54,0.86,0.62,-0.24,16.77,16.89,0.12,35383.0,35406.0,23.0
Euro Pratik Sale,EUROPRATIK,/company/EUROPRATIK/consolidated/,180.02,1841.91,Jun 2026,Mar 2026,True,70.49,73.91,3.42,0.49,0.55,0.06,4.61,4.48,-0.13,,,,24.43,21.06,-3.37,27826.0,26366.0,-1460.0
Eveready Inds.,EVEREADY,/company/EVEREADY/consolidated/,320.10,2322.70,Jun 2026,Mar 2026,True,43.2,43.6,0.4,5.27,5.44,0.17,2.78,2.84,0.06,,,,48.75,48.12,-0.63,62473.0,62890.0,417.0
Everest Kanto,EKC,/company/EKC/consolidated/,106.54,1195.80,Jun 2026,Mar 2026,True,67.38,67.38,0.0,1.24,1.19,-0.05,0.23,0.29,0.06,,,,31.16,31.14,-0.02,84302.0,82813.0,-1489.0
Exide Inds.,EXIDEIND,/company/EXIDEIND/consolidated/,405.75,34493.01,Jun 2026,Mar 2026,True,45.99,45.99,0.0,10.3,10.62,0.32,19.12,19.3,0.18,,,,24.59,24.08,-0.51,1203117.0,1168806.0,-34311.0
Fedbank Financi.,FEDFINA,/company/FEDFINA/,150.72,5678.42,Jun 2026,Mar 2026,True,60.79,60.67,-0.12,0.66,9.3,8.64,18.82,10.89,-7.93,,,,19.73,19.13,-0.6,121385.0,116070.0,-5315.0
Fedders Holding,FEDDERSHOL,/company/FEDDERSHOL/consolidated/,64.25,1289.28,Jun 2026,Mar 2026,True,65.84,65.84,0.0,0.09,0.2,0.11,0.17,0.17,0.0,,,,33.9,33.79,-0.11,13481.0,13385.0,-96.0
Federal Bank,FEDERALBNK,/company/FEDERALBNK/consolidated/,320.00,79065.34,Jun 2026,Mar 2026,True,,,,26.05,27.71,1.66,50.39,49.27,-1.12,0.0,0.0,0.0,23.56,23.0,-0.56,821700.0,811380.0,-10320.0
Federal-Mogul Go,FMGOETZE,/company/FMGOETZE/consolidated/,448.50,2490.77,Jun 2026,Mar 2026,True,74.98,74.98,0.0,0.38,0.39,0.01,0.49,0.49,0.0,,,,24.13,24.14,0.01,29894.0,29583.0,-311.0
Fermenta Biotec.,FERMENTA,/company/FERMENTA/consolidated/,569.45,1681.23,Aug 2026,Jun 2026,True,64.08,64.09,0.01,0.13,0.37,0.24,0.04,0.04,0.0,,,,33.19,32.95,-0.24,14131.0,14777.0,646.0
Fiem Industries,FIEMIND,/company/FIEMIND/consolidated/,1779.50,4682.79,Jun 2026,Mar 2026,True,54.51,54.51,0.0,6.86,7.03,0.17,11.4,11.6,0.2,,,,27.22,26.86,-0.36,73826.0,75296.0,1470.0
Fineotex Chem,FCL,/company/FCL/consolidated/,59.20,6893.85,Jun 2026,Mar 2026,True,62.3,62.3,0.0,2.92,3.16,0.24,1.27,1.35,0.08,,,,33.5,33.18,-0.32,162276.0,180711.0,18435.0
Finolex Cables,FINCABLES,/company/FINCABLES/consolidated/,1474.00,22553.25,Jun 2026,Mar 2026,True,35.86,35.86,0.0,9.62,9.65,0.03,16.44,16.71,0.27,,,,38.1,37.8,-0.3,182413.0,183583.0,1170.0
Fischer Medical,FISCHER,/company/FISCHER/consolidated/,33.14,2310.51,Aug 2026,Jun 2026,True,62.15,63.09,0.94,5.48,5.57,0.09,1.35,1.26,-0.09,,,,31.01,30.09,-0.92,23950.0,23951.0,1.0
Five-Star Bus.Fi,FIVESTAR,/company/FIVESTAR/,514.35,15176.08,Jun 2026,Mar 2026,True,18.61,18.61,0.0,48.48,43.97,-4.51,17.58,22.35,4.77,,,,15.34,15.07,-0.27,97128.0,102270.0,5142.0
Flair Writing,FLAIR,/company/FLAIR/consolidated/,227.84,2402.71,Jun 2026,Mar 2026,True,78.59,78.59,0.0,0.3,0.77,0.47,10.34,10.25,-0.09,,,,10.78,10.4,-0.38,51355.0,50418.0,-937.0
Fortis Health.,FORTIS,/company/FORTIS/consolidated/,764.00,57588.32,Jun 2026,Mar 2026,True,31.17,31.17,0.0,25.98,25.2,-0.78,31.35,32.23,0.88,,,,11.5,11.4,-0.1,226685.0,220743.0,-5942.0
Fractal Analyt.,FRACTAL,/company/FRACTAL/consolidated/,742.15,12871.84,Jun 2026,Mar 2026,True,16.97,16.97,0.0,40.48,40.87,0.39,13.25,12.26,-0.99,,,,29.3,29.91,0.61,101465.0,87200.0,-14265.0
Fredun Pharma,FREDUN,/company/FREDUN/,1406.70,2320.54,Jul 2026,Jun 2026,True,44.57,44.57,0.0,1.06,1.06,0.0,2.94,2.94,0.0,,,,51.45,51.43,-0.02,8903.0,9598.0,695.0
FSN E-Commerce,NYKAA,/company/NYKAA/consolidated/,338.20,96486.83,Jun 2026,Mar 2026,True,52.09,52.07,-0.02,12.4,13.73,1.33,25.35,24.08,-1.27,,,,10.15,10.12,-0.03,395677.0,383806.0,-11871.0
Fusion Finance,FUSION,/company/FUSION/,169.00,2740.89,Jun 2026,Mar 2026,True,54.55,53.97,-0.58,4.75,4.77,0.02,14.43,15.25,0.82,,,,26.06,25.78,-0.28,70009.0,68121.0,-1888.0
G N F C,GNFC,/company/GNFC/consolidated/,629.50,9244.40,Jun 2026,Mar 2026,True,41.3,41.3,0.0,12.05,13.11,1.06,11.07,11.02,-0.05,,,,35.58,34.57,-1.01,265793.0,260335.0,-5458.0
G R Infraproject,GRINFRA,/company/GRINFRA/consolidated/,815.00,7819.62,Jun 2026,Mar 2026,True,74.69,74.69,0.0,2.31,2.46,0.15,19.62,19.48,-0.14,,,,3.38,3.38,0.0,61528.0,60541.0,-987.0
G S F C,GSFC,/company/GSFC/consolidated/,153.47,6124.17,Jun 2026,Mar 2026,True,37.84,37.84,0.0,12.35,12.36,0.01,7.3,7.32,0.02,5.65,5.65,0.0,36.83,36.82,-0.01,303830.0,298987.0,-4843.0
Gabriel India,GABRIEL,/company/GABRIEL/consolidated/,1352.90,23967.34,Sep 2026,Jun 2026,True,63.55,66.29,2.74,6.35,6.0,-0.35,12.92,11.91,-1.01,,,,17.17,15.8,-1.37,134530.0,136534.0,2004.0
GAIL (India),GAIL,/company/GAIL/consolidated/,172.08,113144.32,Jun 2026,Mar 2026,True,51.88,51.79,-0.09,13.04,15.0,1.96,20.5,19.09,-1.41,7.61,7.59,-0.02,6.98,6.52,-0.46,1617716.0,1566827.0,-50889.0
Galaxy Surfact.,GALAXYSURF,/company/GALAXYSURF/consolidated/,2442.40,8670.05,Jun 2026,Mar 2026,True,70.91,70.91,0.0,3.99,3.81,-0.18,13.11,13.52,0.41,,,,11.99,11.75,-0.24,47746.0,46661.0,-1085.0
Gandhar Oil Ref.,GANDHAR,/company/GANDHAR/consolidated/,282.50,2774.56,Jun 2026,Mar 2026,True,66.47,66.6,0.13,0.14,1.27,1.13,0.09,1.02,0.93,,,,33.3,31.1,-2.2,139482.0,134265.0,-5217.0
Gandhi Spl. Tube,GANDHITUBE,/company/GANDHITUBE/,981.50,1111.04,Sep 2026,Jun 2026,True,73.52,71.7,-1.82,1.23,1.32,0.09,0.05,0.02,-0.03,,,,25.2,26.96,1.76,13841.0,12278.0,-1563.0
Ganesha Ecosphe.,GANECOS,/company/GANECOS/consolidated/,990.10,2651.70,Jun 2026,Mar 2026,True,39.33,39.33,0.0,8.89,10.38,1.49,19.42,15.07,-4.35,,,,32.15,35.0,2.85,58405.0,58781.0,376.0
Garware Hi Tech,GRWRHITECH,/company/GRWRHITECH/consolidated/,7102.50,16497.01,Jun 2026,Mar 2026,True,60.73,60.73,0.0,3.98,4.22,0.24,5.28,6.35,1.07,,,,30.04,28.72,-1.32,54492.0,56759.0,2267.0
Garware Tech.,GARFIBRES,/company/GARFIBRES/consolidated/,770.05,7529.67,Jun 2026,Mar 2026,True,53.36,54.25,0.89,9.12,8.67,-0.45,10.29,10.11,-0.18,,,,27.24,26.98,-0.26,41415.0,39254.0,-2161.0
Gateway Distri,GATEWAY,/company/GATEWAY/consolidated/,50.91,2540.73,Jun 2026,Mar 2026,True,33.93,33.93,0.0,6.66,6.98,0.32,33.99,32.42,-1.57,,,,25.43,26.68,1.25,127411.0,126958.0,-453.0
Gayatri Projects,GAYAPROJ,/company/GAYAPROJ/consolidated/,22.44,1041.89,Jun 2026,Mar 2026,True,3.94,23.56,19.62,1.91,17.99,16.08,2.75,0.68,-2.07,,,,91.41,57.76,-33.65,44165.0,43853.0,-312.0
GE Shipping Co,GESHIP,/company/GESHIP/consolidated/,1532.60,21883.30,Jun 2026,Mar 2026,True,30.08,30.08,0.0,28.44,31.03,2.59,15.25,12.81,-2.44,,,,26.25,26.08,-0.17,156718.0,168304.0,11586.0
GE Vernova T&D,GVT&D,/company/GVT&D/,4245.10,109056.53,Jun 2026,Mar 2026,True,51.0,51.0,0.0,20.39,22.89,2.5,21.39,18.46,-2.93,,,,7.22,7.65,0.43,110662.0,138122.0,27460.0
General Insuranc,GICRE,/company/GICRE/consolidated/,314.25,55114.74,Jun 2026,Mar 2026,True,82.4,77.4,-5.0,2.05,2.43,0.38,13.55,17.73,4.18,,,,2.0,2.45,0.45,217494.0,224351.0,6857.0
GK Energy,GKENERGY,/company/GKENERGY/,114.45,2320.01,Jun 2026,Mar 2026,True,79.2,79.2,0.0,0.79,1.3,0.51,8.29,7.16,-1.13,,,,11.72,12.35,0.63,50033.0,53494.0,3461.0
Gland Pharma,GLAND,/company/GLAND/consolidated/,3006.10,49578.37,Jun 2026,Mar 2026,True,51.83,51.77,-0.06,7.29,8.74,1.45,33.36,30.44,-2.92,,,,7.52,9.06,1.54,91500.0,108266.0,16766.0
Glaxosmi. Pharma,GLAXO,/company/GLAXO/consolidated/,2755.00,46646.61,Jun 2026,Mar 2026,True,75.0,75.0,0.0,4.62,4.79,0.17,7.68,7.81,0.13,0.0,0.0,0.0,12.69,12.42,-0.27,121763.0,126087.0,4324.0
Glenmark Pharma.,GLENMARK,/company/GLENMARK/consolidated/,2311.00,65605.17,Jun 2026,Mar 2026,True,46.65,46.65,0.0,20.35,20.89,0.54,19.28,18.6,-0.68,0.04,0.04,0.0,13.7,13.81,0.11,196105.0,211418.0,15313.0
Global Health,MEDANTA,/company/MEDANTA/consolidated/,1300.80,34998.87,Jun 2026,Mar 2026,True,33.01,33.0,-0.01,10.15,9.46,-0.69,14.76,16.89,2.13,,,,42.01,40.55,-1.46,147390.0,140531.0,-6859.0
Globus Spirits,GLOBUSSPR,/company/GLOBUSSPR/consolidated/,812.70,2555.56,Aug 2026,Jun 2026,True,50.56,46.74,-3.82,7.46,13.77,6.31,10.56,10.46,-0.1,,,,31.41,29.02,-2.39,69278.0,70001.0,723.0
GMR Airports,GMRAIRPORT,/company/GMRAIRPORT/consolidated/,93.06,98124.36,Jun 2026,Mar 2026,True,66.33,67.16,0.83,20.17,21.74,1.57,4.93,5.14,0.21,,,,8.56,5.95,-2.61,694272.0,676526.0,-17746.0
GMR Urban,GMRP&UI,/company/GMRP&UI/consolidated/,102.23,7980.38,Jun 2026,Mar 2026,True,46.28,46.28,0.0,3.43,16.0,12.57,5.22,5.47,0.25,,,,45.09,32.23,-12.86,328621.0,324898.0,-3723.0
GNA Axles,GNA,/company/GNA/consolidated/,615.80,2645.04,Jun 2026,Mar 2026,True,68.43,65.78,-2.65,1.27,1.7,0.43,11.0,11.59,0.59,,,,19.29,20.94,1.65,40050.0,40672.0,622.0
GNG Electronics,EBGNG,/company/EBGNG/consolidated/,685.15,7800.84,Jun 2026,Mar 2026,True,78.71,74.78,-3.93,2.78,5.27,2.49,5.2,6.82,1.62,,,,13.33,13.13,-0.2,49026.0,53228.0,4202.0
Go Digit General,GODIGIT,/company/GODIGIT/,258.60,23957.04,Jun 2026,Mar 2026,True,73.01,73.0,-0.01,8.01,8.23,0.22,14.62,15.01,0.39,,,,4.35,3.77,-0.58,59152.0,60707.0,1555.0
GOCL Corpn.,GOCLCORP,/company/GOCLCORP/consolidated/,372.45,1852.99,Jun 2026,Mar 2026,True,67.82,67.82,0.0,5.08,5.34,0.26,1.26,1.34,0.08,0.3,0.3,0.0,25.55,25.19,-0.36,38139.0,35590.0,-2549.0
Godawari Power,GPIL,/company/GPIL/consolidated/,218.98,14743.99,Jun 2026,Mar 2026,True,63.34,63.18,-0.16,5.94,6.0,0.06,2.63,3.1,0.47,0.0,0.0,0.0,28.09,27.72,-0.37,138643.0,150509.0,11866.0
Godfrey Phillips,GODFRYPHLP,/company/GODFRYPHLP/consolidated/,1900.00,29652.34,Jun 2026,Mar 2026,True,72.58,72.58,0.0,7.91,7.8,-0.11,3.28,3.66,0.38,0.02,0.02,0.0,16.2,15.93,-0.27,166845.0,156601.0,-10244.0
Godrej Agrovet,GODREJAGRO,/company/GODREJAGRO/consolidated/,648.10,12460.47,Jun 2026,Mar 2026,True,67.75,67.75,0.0,6.32,6.48,0.16,5.86,5.28,-0.58,,,,20.08,20.49,0.41,111365.0,114250.0,2885.0
Godrej Industrie,GODREJIND,/company/GODREJIND/consolidated/,1045.00,35238.20,Jun 2026,Mar 2026,True,74.63,74.64,0.01,4.47,4.56,0.09,3.47,3.47,0.0,,,,17.43,17.32,-0.11,84014.0,84502.0,488.0
Gokaldas Exports,GOKEX,/company/GOKEX/consolidated/,682.75,5004.89,Jun 2026,Mar 2026,True,9.15,9.15,0.0,19.85,14.46,-5.39,37.58,43.41,5.83,,,,33.42,32.98,-0.44,85609.0,80401.0,-5208.0
Gokul Agro,GOKULAGRO,/company/GOKULAGRO/consolidated/,210.95,6223.95,Jun 2026,Mar 2026,True,74.24,74.24,0.0,1.51,1.87,0.36,0.09,0.11,0.02,,,,24.18,23.78,-0.4,52418.0,50407.0,-2011.0
Goldiam Intl.,GOLDIAM,/company/GOLDIAM/consolidated/,317.50,4779.42,Jul 2026,Jun 2026,True,58.51,58.51,0.0,1.99,2.18,0.19,0.78,0.06,-0.72,,,,38.72,39.25,0.53,75143.0,75383.0,240.0
Goodluck India,GOODLUCK,/company/GOODLUCK/consolidated/,491.30,4898.01,Aug 2026,Jun 2026,True,54.0,54.0,0.0,2.48,1.92,-0.56,6.5,6.14,-0.36,,,,37.02,37.92,0.9,38457.0,44709.0,6252.0
Gopal Snacks,GOPAL,/company/GOPAL/,255.85,3187.09,Jun 2026,Mar 2026,True,81.46,81.45,-0.01,0.71,0.75,0.04,6.28,5.68,-0.6,,,,11.56,12.1,0.54,66823.0,65905.0,-918.0
GPT Healthcare,GPTHEALTH,/company/GPTHEALTH/,148.01,1212.95,Jun 2026,Mar 2026,True,65.57,65.57,0.0,2.81,3.03,0.22,6.84,6.94,0.1,,,,24.79,24.46,-0.33,64075.0,62454.0,-1621.0
GPT Infraproject,GPTINFRA,/company/GPTINFRA/consolidated/,121.62,1537.87,Jun 2026,Mar 2026,True,69.37,69.37,0.0,2.72,2.96,0.24,7.03,7.03,0.0,,,,20.88,20.65,-0.23,35326.0,34177.0,-1149.0
Granules India,GRANULES,/company/GRANULES/consolidated/,836.40,22830.67,Sep 2026,Jun 2026,True,38.01,37.39,-0.62,17.5,20.29,2.79,16.11,15.4,-0.71,,,,28.36,26.93,-1.43,169422.0,182080.0,12658.0
Greenpanel Inds.,GREENPANEL,/company/GREENPANEL/,159.92,1965.50,Jun 2026,Mar 2026,True,53.13,53.26,0.13,1.07,0.94,-0.13,28.4,28.49,0.09,0.0,0.0,0.0,17.4,17.29,-0.11,88249.0,86784.0,-1465.0
Greenply Industr,GREENPLY,/company/GREENPLY/consolidated/,315.30,3941.99,Jun 2026,Mar 2026,True,51.9,51.93,0.03,4.19,4.44,0.25,31.83,31.42,-0.41,,,,12.1,12.22,0.12,53767.0,52337.0,-1430.0
Gretex Corporate,GCSL,/company/GCSL/consolidated/,693.05,1722.89,Sep 2026,Jun 2026,True,61.64,60.53,-1.11,1.99,2.49,0.5,0.0,0.0,0.0,,,,36.36,36.97,0.61,2842.0,2981.0,139.0
Grindwell Norton,GRINDWELL,/company/GRINDWELL/consolidated/,2033.10,22522.84,Jun 2026,Mar 2026,True,58.04,58.04,0.0,5.56,5.21,-0.35,19.18,19.59,0.41,,,,17.23,17.17,-0.06,46994.0,45545.0,-1449.0
GTL Infra.,GTLINFRA,/company/GTLINFRA/,1.09,1396.23,Jun 2026,Mar 2026,True,3.28,3.28,0.0,0.06,0.77,0.71,31.28,31.2,-0.08,,,,65.37,64.77,-0.6,2710397.0,2675623.0,-34774.0
Gufic BioScience,GUFICBIO,/company/GUFICBIO/,427.80,4281.42,Jun 2026,Mar 2026,True,72.5,72.5,0.0,0.42,0.47,0.05,3.83,3.67,-0.16,,,,23.23,23.36,0.13,29223.0,29753.0,530.0
Guj Inds. Power,GIPCL,/company/GIPCL/,174.06,2703.52,Jun 2026,Mar 2026,True,56.57,56.57,0.0,2.74,2.88,0.14,5.07,4.99,-0.08,7.45,1.44,-6.01,28.17,34.11,5.94,91261.0,90955.0,-306.0
Guj. Ambuja Exp,GAEL,/company/GAEL/consolidated/,162.81,7454.90,Jun 2026,Mar 2026,True,63.84,63.84,0.0,2.18,3.02,0.84,0.82,0.65,-0.17,,,,33.14,32.5,-0.64,114043.0,107147.0,-6896.0
Guj. Themis Bio.,GUJTHEM,/company/GUJTHEM/,390.00,5084.08,Aug 2026,Jun 2026,True,70.87,59.33,-11.54,1.76,4.93,3.17,1.17,13.79,12.62,,,,26.18,21.95,-4.23,27010.0,26899.0,-111.0
Guj.Nat.Resour.,GNRL,/company/GNRL/consolidated/,98.79,1517.35,Jun 2026,Mar 2026,True,2.31,1.93,-0.38,0.25,1.05,0.8,,,,,,,97.43,97.01,-0.42,15431.0,16338.0,907.0
Gujarat Alkalies,GUJALKALI,/company/GUJALKALI/consolidated/,613.10,4513.40,Jun 2026,Mar 2026,True,47.28,47.28,0.0,0.94,3.26,2.32,3.72,3.02,-0.7,,,,48.04,46.44,-1.6,73032.0,64106.0,-8926.0
Gujarat Energy,GUJENERGY,/company/GUJENERGY/consolidated/,229.97,21571.85,Jun 2026,Mar 2026,True,60.89,38.94,-21.95,3.98,10.85,6.87,14.76,24.18,9.42,7.01,7.29,0.28,13.35,18.73,5.38,173919.0,327344.0,153425.0
Gujarat Fluoroch,FLUOROCHEM,/company/FLUOROCHEM/consolidated/,4577.20,50320.30,Jun 2026,Mar 2026,True,61.39,61.39,0.0,4.28,4.41,0.13,13.48,13.33,-0.15,,,,20.85,20.86,0.01,62703.0,61120.0,-1583.0
Gulshan Polyols,GULPOLY,/company/GULPOLY/,167.92,1046.61,Jun 2026,Mar 2026,True,66.8,66.8,0.0,0.29,0.32,0.03,0.0,0.0,0.0,,,,32.6,32.58,-0.02,35805.0,35573.0,-232.0
GYFTR,GYFTR,/company/GYFTR/consolidated/,169.30,1286.03,Jul 2026,Jun 2026,True,50.08,50.08,0.0,5.1,5.1,0.0,4.41,4.43,0.02,,,,40.41,40.39,-0.02,6809.0,6802.0,-7.0
H U D C O,HUDCO,/company/HUDCO/consolidated/,161.04,32326.35,Jun 2026,Mar 2026,True,75.0,75.0,0.0,2.22,2.4,0.18,11.03,10.09,-0.94,,,,11.74,12.49,0.75,790412.0,757055.0,-33357.0
Happiest Minds,HAPPSTMNDS,/company/HAPPSTMNDS/consolidated/,303.35,4622.30,Jun 2026,Mar 2026,True,44.21,44.21,0.0,5.94,6.0,0.06,8.99,5.66,-3.33,,,,39.53,42.89,3.36,642274.0,640983.0,-1291.0
Happy Forgings,HAPPYFORGE,/company/HAPPYFORGE/consolidated/,1989.40,18806.32,Jun 2026,Mar 2026,True,78.48,78.46,-0.02,1.73,1.88,0.15,16.48,15.54,-0.94,,,,3.3,4.12,0.82,57815.0,64341.0,6526.0
Hariom Pipe,HARIOMPIPE,/company/HARIOMPIPE/,336.50,1041.25,Jun 2026,Mar 2026,True,57.27,57.27,0.0,9.5,10.25,0.75,0.06,0.07,0.01,,,,33.19,32.43,-0.76,53763.0,54386.0,623.0
Harsha Engg Intl,HARSHA,/company/HARSHA/consolidated/,464.65,4228.08,Jun 2026,Mar 2026,True,75.0,75.0,0.0,2.37,1.79,-0.58,12.42,13.02,0.6,,,,10.21,10.19,-0.02,70615.0,68521.0,-2094.0
Hawkins Cookers,HAWKINCOOK,/company/HAWKINCOOK/,8009.50,4214.20,Jun 2026,Mar 2026,True,56.03,56.03,0.0,2.74,2.74,0.0,15.82,16.03,0.21,0.02,0.0,-0.02,25.39,25.18,-0.21,18840.0,17574.0,-1266.0
HDB FINANC SER,HDBFS,/company/HDBFS/,616.75,51226.91,Jun 2026,Mar 2026,True,74.12,74.12,0.0,3.01,3.55,0.54,12.29,12.1,-0.19,,,,10.35,10.0,-0.35,961497.0,925474.0,-36023.0
HDFC Life Insur.,HDFCLIFE,/company/HDFCLIFE/consolidated/,543.95,118189.10,Jun 2026,Mar 2026,True,50.21,50.54,0.33,22.52,19.27,-3.25,17.25,20.19,2.94,,,,10.0,9.98,-0.02,691649.0,705326.0,13677.0
Health.Global,HCG,/company/HCG/consolidated/,680.55,10165.32,Jun 2026,Mar 2026,True,64.21,64.21,0.0,2.76,2.73,-0.03,18.91,19.2,0.29,,,,14.15,13.86,-0.29,47649.0,48905.0,1256.0
HEG Advanced Materials,HEGAM,/company/HEGAM/consolidated/,252.21,4863.35,Sep 2026,Jun 2026,True,56.27,60.72,4.45,8.47,5.29,-3.18,9.27,12.77,3.5,,,,25.97,21.21,-4.76,139601.0,134276.0,-5325.0
Hexaware Tech.,HEXT,/company/HEXT/consolidated/,500.30,30562.96,Jun 2026,Mar 2026,True,74.3,74.3,0.0,4.2,3.19,-1.01,15.04,16.06,1.02,,,,6.18,6.23,0.05,118229.0,126681.0,8452.0
HFCL,HFCL,/company/HFCL/consolidated/,262.78,40296.85,Jun 2026,Mar 2026,True,28.29,28.29,0.0,7.08,15.74,8.66,8.57,10.92,2.35,,,,56.02,45.02,-11.0,803693.0,732721.0,-70972.0
Hi-Tech Pipes,HITECH,/company/HITECH/consolidated/,74.68,1515.94,Jun 2026,Mar 2026,True,43.76,43.43,-0.33,0.81,1.06,0.25,16.27,16.17,-0.1,,,,38.97,39.14,0.17,101479.0,99593.0,-1886.0
Himadri Special,HSCL,/company/HSCL/consolidated/,668.55,33735.87,Jun 2026,Mar 2026,True,52.49,52.49,0.0,5.98,6.8,0.82,3.22,3.33,0.11,,,,38.32,37.38,-0.94,408408.0,414141.0,5733.0
Hind.Aeronautics,HAL,/company/HAL/consolidated/,4816.00,322744.08,Jun 2026,Mar 2026,True,71.64,71.64,0.0,10.21,9.34,-0.87,10.43,11.9,1.47,0.07,0.07,0.0,7.66,7.03,-0.63,1291771.0,1211981.0,-79790.0
Hind.Construct.,HCC,/company/HCC/consolidated/,20.26,5304.39,Jun 2026,Mar 2026,True,16.72,16.18,-0.54,10.92,11.38,0.46,4.11,3.7,-0.41,,,,68.24,68.75,0.51,725141.0,726389.0,1248.0
Hind.Oil Explor.,HINDOILEXP,/company/HINDOILEXP/consolidated/,166.35,2198.81,Jun 2026,Mar 2026,True,,,,1.49,1.88,0.39,0.12,0.13,0.01,,,,98.38,97.99,-0.39,94700.0,90352.0,-4348.0
Hindalco Inds.,HINDALCO,/company/HINDALCO/consolidated/,940.50,210991.91,Jun 2026,Mar 2026,True,34.65,34.67,0.02,29.96,31.41,1.45,21.35,19.82,-1.53,0.35,0.35,0.0,13.21,13.26,0.05,691308.0,699601.0,8293.0
Hindustan Foods,HNDFDS,/company/HNDFDS/consolidated/,584.75,7087.33,Jun 2026,Mar 2026,True,61.31,61.84,0.53,5.83,5.86,0.03,15.06,14.65,-0.41,,,,17.82,17.63,-0.19,63403.0,60623.0,-2780.0
Hindusthan Insulators &,539984,/company/539984/,537.05,1162.36,Jul 2026,Jun 2026,True,75.0,75.0,0.0,,,,0.55,0.55,0.0,,,,24.45,24.45,0.0,2170.0,2167.0,-3.0
Hindware Home In,HINDWAREAP,/company/HINDWAREAP/consolidated/,170.75,1427.68,Jun 2026,Mar 2026,True,52.74,52.74,0.0,3.36,5.14,1.78,5.83,3.72,-2.11,,,,38.06,38.39,0.33,38057.0,38910.0,853.0
Hirect,HIRECT,/company/HIRECT/consolidated/,1146.80,4061.82,Jul 2026,Jun 2026,True,43.92,42.58,-1.34,6.57,6.84,0.27,0.2,3.22,3.02,,,,49.31,47.37,-1.94,22270.0,22219.0,-51.0
Hitachi Energy,POWERINDIA,/company/POWERINDIA/,31640.00,141071.75,Jun 2026,Mar 2026,True,71.31,71.31,0.0,11.68,12.44,0.76,6.95,6.32,-0.63,,,,10.07,9.91,-0.16,90555.0,102826.0,12271.0
HMA Agro Inds.,HMAAGRO,/company/HMAAGRO/consolidated/,24.56,1232.52,Aug 2026,Jun 2026,True,75.0,75.0,0.0,4.84,4.1,-0.74,3.46,3.57,0.11,,,,16.71,17.32,0.61,63045.0,64183.0,1138.0
Home First Finan,HOMEFIRST,/company/HOMEFIRST/,1111.50,11636.52,Jun 2026,Mar 2026,True,6.98,6.98,0.0,45.72,43.9,-1.82,27.52,29.83,2.31,,,,19.77,19.29,-0.48,82905.0,81261.0,-1644.0
Honasa Consumer,HONASA,/company/HONASA/consolidated/,478.30,15604.33,Jun 2026,Mar 2026,True,35.54,35.47,-0.07,13.74,13.64,-0.1,19.24,21.58,2.34,,,,31.48,29.3,-2.18,78187.0,85336.0,7149.0
Honeywell Auto,HONAUT,/company/HONAUT/,33780.00,29877.70,Jun 2026,Mar 2026,True,75.0,75.0,0.0,3.74,3.94,0.2,11.28,11.31,0.03,,,,9.96,9.74,-0.22,34974.0,33525.0,-1449.0
HPL Electric,HPL,/company/HPL/consolidated/,272.70,1754.14,Jun 2026,Mar 2026,True,72.66,72.66,0.0,0.51,0.75,0.24,0.1,0.1,0.0,,,,26.74,26.5,-0.24,126744.0,122523.0,-4221.0
Hubtown,HUBTOWN,/company/HUBTOWN/consolidated/,170.00,2416.29,Jun 2026,Mar 2026,True,32.83,33.17,0.34,1.4,1.48,0.08,0.21,0.2,-0.01,,,,65.56,65.14,-0.42,33419.0,33699.0,280.0
I O B,IOB,/company/IOB/,31.46,60523.32,Jun 2026,Mar 2026,True,92.44,92.44,0.0,0.43,0.47,0.04,4.28,4.29,0.01,,,,2.85,2.8,-0.05,968298.0,955025.0,-13273.0
I R F C,IRFC,/company/IRFC/,77.10,100758.18,Jun 2026,Mar 2026,True,84.65,82.9,-1.75,1.16,1.17,0.01,2.89,3.98,1.09,,,,11.29,11.94,0.65,5113569.0,5086488.0,-27081.0
I T D C,ITDC,/company/ITDC/consolidated/,675.25,5804.68,Jun 2026,Mar 2026,True,87.03,87.03,0.0,0.02,0.03,0.01,1.78,1.78,0.0,,,,11.17,11.16,-0.01,30734.0,32454.0,1720.0
ICICI AMC,ICICIAMC,/company/ICICIAMC/,3071.50,151962.91,Jun 2026,Mar 2026,True,87.59,87.59,0.0,2.4,2.96,0.56,7.18,6.8,-0.38,,,,2.82,2.65,-0.17,624271.0,590748.0,-33523.0
ICICI Bank,ICICIBANK,/company/ICICIBANK/consolidated/,1342.80,963238.88,Jun 2026,Mar 2026,True,,,,34.48,33.79,-0.69,39.94,42.32,2.38,0.22,0.22,0.0,25.36,23.68,-1.68,2082901.0,2104810.0,21909.0
ICICI Lombard,ICICIGI,/company/ICICIGI/,1598.30,80406.23,Jun 2026,Mar 2026,True,51.28,51.22,-0.06,22.29,21.45,-0.84,19.41,20.64,1.23,0.1,0.1,0.0,6.9,6.57,-0.33,229930.0,229599.0,-331.0
ICICI Pru Life,ICICIPRULI,/company/ICICIPRULI/consolidated/,459.50,66993.25,Jun 2026,Mar 2026,True,72.8,72.73,-0.07,10.89,10.22,-0.67,11.05,11.81,0.76,,,,5.23,5.22,-0.01,327841.0,319872.0,-7969.0
Ideaforge Tech,IDEAFORGE,/company/IDEAFORGE/consolidated/,723.40,3600.40,Jul 2026,Jun 2026,True,28.96,25.26,-3.7,4.89,8.27,3.38,2.69,10.98,8.29,,,,63.46,55.49,-7.97,165675.0,164872.0,-803.0
IDFC First Bank,IDFCFIRSTB,/company/IDFCFIRSTB/,81.56,70344.87,Jun 2026,Mar 2026,True,0.0,0.0,0.0,36.52,36.1,-0.42,22.73,24.35,1.62,7.8,7.79,-0.01,32.93,31.73,-1.2,2890403.0,2789803.0,-100600.0
IDream Film,504375,/company/504375/consolidated/,491.90,13308.52,Jun 2026,Mar 2026,True,60.0,73.72,13.72,,,,,,,,,,40.01,26.28,-13.73,230.0,253.0,23.0
IFCI,IFCI,/company/IFCI/consolidated/,65.51,17647.71,Jun 2026,Mar 2026,True,72.57,72.57,0.0,2.65,3.5,0.85,1.64,1.66,0.02,2.21,2.12,-0.09,20.9,20.14,-0.76,965982.0,957179.0,-8803.0
Igarashi Motors,IGARASHI,/company/IGARASHI/,401.40,1265.36,Jun 2026,Mar 2026,True,75.0,75.0,0.0,0.13,0.5,0.37,2.12,3.65,1.53,,,,22.75,20.86,-1.89,26971.0,27607.0,636.0
Indegene,INDGN,/company/INDGN/consolidated/,596.30,14368.74,Jun 2026,Mar 2026,True,,,,10.27,9.92,-0.35,8.29,8.74,0.45,,,,81.43,81.34,-0.09,142119.0,138533.0,-3586.0
India Homes,513361,/company/513361/,29.67,1181.11,Jun 2026,Mar 2026,True,35.4,34.25,-1.15,0.0,0.0,0.0,3.52,4.88,1.36,,,,61.08,60.87,-0.21,58257.0,56712.0,-1545.0
India Nipp.Elec.,INDNIPPON,/company/INDNIPPON/consolidated/,1241.70,2809.13,Jun 2026,Mar 2026,True,70.37,70.37,0.0,0.41,0.33,-0.08,0.06,0.22,0.16,,,,29.14,29.1,-0.04,22994.0,24035.0,1041.0
Indiabulls,IBULLSLTD,/company/IBULLSLTD/consolidated/,30.95,7223.07,Jun 2026,Mar 2026,True,32.89,32.91,0.02,17.0,17.08,0.08,0.16,0.11,-0.05,,,,46.05,45.99,-0.06,249915.0,249884.0,-31.0
Indiamart Inter.,INDIAMART,/company/INDIAMART/consolidated/,1592.90,9578.39,Jun 2026,Mar 2026,True,49.12,49.07,-0.05,19.17,19.92,0.75,13.54,12.11,-1.43,,,,18.17,18.88,0.71,158065.0,155473.0,-2592.0
Indian Bank,INDIANB,/company/INDIANB/consolidated/,813.00,109724.91,Jun 2026,Mar 2026,True,73.84,73.84,0.0,5.82,6.16,0.34,17.75,17.03,-0.72,,,,2.58,2.98,0.4,319897.0,318231.0,-1666.0
Indian Hotels Co,INDHOTEL,/company/INDHOTEL/consolidated/,736.00,104764.62,Jun 2026,Mar 2026,True,38.12,38.12,0.0,23.23,21.71,-1.52,22.58,24.47,1.89,0.13,0.13,0.0,15.95,15.59,-0.36,646147.0,638645.0,-7502.0
Indian Renewable,IREDA,/company/IREDA/,109.00,30648.74,Jun 2026,Mar 2026,True,71.76,71.76,0.0,2.14,2.48,0.34,2.44,2.39,-0.05,,,,23.65,23.35,-0.3,2519677.0,2465916.0,-53761.0
Indigo Paints,INDIGOPNTS,/company/INDIGOPNTS/,1062.40,5077.21,Jun 2026,Mar 2026,True,53.88,53.88,0.0,7.42,5.73,-1.69,23.0,25.25,2.25,,,,15.72,15.16,-0.56,144361.0,139467.0,-4894.0
Indo Amines,INDOAMIN,/company/INDOAMIN/consolidated/,161.16,1170.31,Jun 2026,Mar 2026,True,58.42,58.42,0.0,0.02,0.08,0.06,,,,,,,41.55,41.5,-0.05,33816.0,34114.0,298.0
Indo Borax & Ch.,INDOBORAX,/company/INDOBORAX/consolidated/,491.75,1575.29,Jun 2026,Mar 2026,True,30.8,38.41,7.61,0.45,0.13,-0.32,2.19,0.04,-2.15,,,,66.56,61.43,-5.13,20466.0,20592.0,126.0
Indo Count Inds.,ICIL,/company/ICIL/consolidated/,473.15,9371.99,Jun 2026,Mar 2026,True,58.74,58.74,0.0,9.86,10.14,0.28,5.72,5.82,0.1,,,,25.66,25.3,-0.36,77258.0,75948.0,-1310.0
Indo Tech.Trans.,INDOTECH,/company/INDOTECH/,3352.80,3557.63,Jun 2026,Mar 2026,True,75.0,72.18,-2.82,0.27,0.28,0.01,0.0,0.05,0.05,,,,24.72,27.5,2.78,25871.0,24680.0,-1191.0
Indoco Remedies,INDOCO,/company/INDOCO/consolidated/,247.15,2279.43,Jun 2026,Mar 2026,True,58.86,58.86,0.0,0.94,1.27,0.33,18.15,17.68,-0.47,,,,21.9,22.04,0.14,32276.0,32457.0,181.0
Indrapr.Medical,INDRAMEDCO,/company/INDRAMEDCO/,335.15,3071.04,Jun 2026,Mar 2026,True,51.0,51.0,0.0,2.43,2.77,0.34,0.87,0.59,-0.28,,,,45.69,45.65,-0.04,72980.0,75098.0,2118.0
IndusInd Bank,INDUSINDBK,/company/INDUSINDBK/consolidated/,906.10,70942.37,Jun 2026,Mar 2026,True,15.82,15.82,0.0,28.57,29.17,0.6,40.13,41.86,1.73,0.38,0.38,0.0,15.1,12.76,-2.34,601056.0,568147.0,-32909.0
Info Edg.(India),NAUKRI,/company/NAUKRI/consolidated/,1241.00,80562.85,Jun 2026,Mar 2026,True,37.5,37.48,-0.02,27.97,23.72,-4.25,23.43,27.83,4.4,0.66,0.0,-0.66,10.34,10.9,0.56,236961.0,257916.0,20955.0
Ingersoll-Rand,INGERRAND,/company/INGERRAND/,4130.80,13033.68,Jun 2026,Mar 2026,True,75.0,75.0,0.0,1.3,1.28,-0.02,8.21,8.96,0.75,,,,15.49,14.75,-0.74,37773.0,37829.0,56.0
Innova Captab,INNOVACAP,/company/INNOVACAP/consolidated/,1141.80,6535.37,Jun 2026,Mar 2026,True,50.9,50.9,0.0,0.23,0.34,0.11,20.14,19.92,-0.22,,,,28.74,28.84,0.1,36965.0,35881.0,-1084.0
Innovassynth Technologies,533315,/company/533315/,160.50,1490.42,Jun 2026,Mar 2026,True,73.7,75.04,1.34,1.39,1.13,-0.26,1.46,1.12,-0.34,,,,23.46,22.71,-0.75,26898.0,27084.0,186.0
Insolation Ener,INA,/company/INA/consolidated/,83.81,1846.89,Jun 2026,Mar 2026,True,66.12,66.12,0.0,1.09,0.84,-0.25,0.74,1.27,0.53,,,,32.05,31.75,-0.3,15112.0,26561.0,11449.0
Interarch Build.,INTERARCH,/company/INTERARCH/,1685.60,2832.72,Jun 2026,Mar 2026,True,59.44,59.44,0.0,5.29,4.86,-0.43,5.17,6.1,0.93,,,,30.12,29.61,-0.51,71121.0,63547.0,-7574.0
International Gemological Instit,IGIL,/company/IGIL/consolidated/,319.60,13814.01,Jun 2026,Mar 2026,True,76.55,76.55,0.0,8.6,9.49,0.89,6.38,5.51,-0.87,,,,8.46,8.44,-0.02,187343.0,172894.0,-14449.0
Inventurus Knowl,IKS,/company/IKS/consolidated/,1761.00,30327.73,Jun 2026,Mar 2026,True,63.72,63.72,0.0,8.19,8.01,-0.18,6.4,7.5,1.1,,,,19.39,18.55,-0.84,60385.0,63025.0,2640.0
IOL Chemicals,IOLCP,/company/IOLCP/,214.90,6311.28,Jun 2026,Mar 2026,True,57.48,62.28,4.8,1.72,4.87,3.15,0.02,0.43,0.41,,,,40.78,32.41,-8.37,131550.0,119311.0,-12239.0
ION Exchange,IONEXCHANG,/company/IONEXCHANG/consolidated/,409.20,6000.85,Jun 2026,Mar 2026,True,25.52,25.43,-0.09,4.63,4.86,0.23,14.8,15.32,0.52,,,,38.86,38.21,-0.65,116996.0,120052.0,3056.0
Ipca Labs.,IPCALAB,/company/IPCALAB/consolidated/,1945.50,49356.89,Jun 2026,Mar 2026,True,44.72,44.72,0.0,10.63,10.72,0.09,37.13,37.04,-0.09,0.32,0.32,0.0,7.21,7.19,-0.02,82184.0,82060.0,-124.0
IRB Infra.Devl.,IRB,/company/IRB/consolidated/,17.84,21521.64,Jun 2026,Mar 2026,True,30.79,30.81,0.02,43.84,43.87,0.03,10.02,10.14,0.12,0.01,0.01,0.0,15.32,15.17,-0.15,1531356.0,1525882.0,-5474.0
Iris Clothings,IRISDOREME,/company/IRISDOREME/,58.45,1112.49,Sep 2026,Jun 2026,True,61.17,58.79,-2.38,0.0,0.2,0.2,0.74,2.56,1.82,,,,38.09,38.45,0.36,10427.0,10349.0,-78.0
ITI,ITI,/company/ITI/,247.84,23831.34,Jun 2026,Mar 2026,True,90.02,90.02,0.0,0.0,0.08,0.08,0.06,0.06,0.0,7.88,7.88,0.0,2.03,1.94,-0.09,162249.0,151049.0,-11200.0
Ivalue Infosolut,IVALUE,/company/IVALUE/consolidated/,229.45,1260.41,Jun 2026,Mar 2026,True,32.08,32.1,0.02,2.22,2.73,0.51,15.25,15.44,0.19,,,,50.45,49.73,-0.72,50234.0,50199.0,-35.0
IZMO,IZMO,/company/IZMO/consolidated/,864.30,1294.31,Jun 2026,Mar 2026,True,34.79,34.79,0.0,3.27,3.35,0.08,0.49,0.52,0.03,,,,61.45,61.34,-0.11,32032.0,30738.0,-1294.0
J & K Bank,J&KBANK,/company/J&KBANK/consolidated/,139.50,15359.33,Jun 2026,Mar 2026,True,59.4,59.4,0.0,8.35,9.38,1.03,6.0,7.85,1.85,,,,26.26,23.37,-2.89,240539.0,219636.0,-20903.0
Jagran Prakashan,JAGRAN,/company/JAGRAN/consolidated/,61.55,1339.66,Jun 2026,Mar 2026,True,69.0,69.0,0.0,2.24,2.3,0.06,6.3,4.29,-2.01,,,,22.47,24.41,1.94,71629.0,77927.0,6298.0
Jagsonpal Pharma,JAGSNPHARM,/company/JAGSNPHARM/,233.63,1541.09,Jun 2026,Mar 2026,True,67.89,69.06,1.17,2.44,2.3,-0.14,0.22,0.62,0.4,,,,29.44,28.04,-1.4,26264.0,24181.0,-2083.0
Jai Corp,JAICORPLTD,/company/JAICORPLTD/consolidated/,90.17,1587.19,Jun 2026,Mar 2026,True,73.91,73.91,0.0,0.8,1.49,0.69,1.57,1.24,-0.33,,,,23.71,23.34,-0.37,102899.0,99811.0,-3088.0
Jaro Institute,JARO,/company/JARO/,457.70,1021.86,Jun 2026,Mar 2026,True,57.28,61.43,4.15,0.78,0.75,-0.03,4.87,2.71,-2.16,,,,37.06,33.33,-3.73,69097.0,66788.0,-2309.0
Jayaswal Neco,JAYNECOIND,/company/JAYNECOIND/,94.45,9169.06,Jun 2026,Mar 2026,True,55.15,55.15,0.0,0.9,1.32,0.42,0.3,0.78,0.48,,,,43.65,42.75,-0.9,96844.0,98451.0,1607.0
Jaykay Enter.,JAYKAY,/company/JAYKAY/consolidated/,240.02,3627.77,Sep 2026,Jun 2026,True,65.19,66.01,0.82,0.17,0.27,0.1,0.0,0.0,0.0,,,,34.64,33.71,-0.93,86703.0,89445.0,2742.0
JBM Auto,JBMA,/company/JBMA/consolidated/,555.65,13140.80,Jun 2026,Mar 2026,True,67.53,67.53,0.0,1.97,2.03,0.06,0.1,0.16,0.06,,,,30.38,30.27,-0.11,183719.0,182870.0,-849.0
Jindal Saw,JINDALSAW,/company/JINDALSAW/consolidated/,282.40,18072.86,Jun 2026,Mar 2026,True,63.25,63.25,0.0,13.46,13.08,-0.38,5.79,8.36,2.57,,,,17.2,15.03,-2.17,207732.0,178027.0,-29705.0
Jindal Steel,JINDALSTEL,/company/JINDALSTEL/consolidated/,1085.90,109800.74,Jun 2026,Mar 2026,True,62.71,62.71,0.0,9.19,8.84,-0.35,19.14,19.52,0.38,,,,8.73,8.73,0.0,271333.0,276544.0,5211.0
JK Lakshmi Cem.,JKLAKSHMI,/company/JKLAKSHMI/consolidated/,478.45,5933.33,Jun 2026,Mar 2026,True,45.12,45.12,0.0,11.96,8.64,-3.32,23.0,26.57,3.57,,,,19.92,19.66,-0.26,167247.0,165372.0,-1875.0
John Cockerill,COCKERILL,/company/COCKERILL/consolidated/,7978.50,3932.54,Jun 2026,Mar 2026,True,70.44,70.44,0.0,0.02,0.32,0.3,0.0,0.11,0.11,,,,29.53,29.12,-0.41,13233.0,14140.0,907.0
JP Power Ven.,JPPOWER,/company/JPPOWER/consolidated/,15.00,10273.30,Jun 2026,Mar 2026,True,24.0,24.0,0.0,6.58,6.75,0.17,17.03,11.15,-5.88,,,,52.38,58.08,5.7,2456876.0,2447396.0,-9480.0
JSW Cement,JSWCEMENT,/company/JSWCEMENT/consolidated/,113.20,15431.90,Jun 2026,Mar 2026,True,72.04,72.02,-0.02,2.93,3.7,0.77,8.74,11.49,2.75,,,,14.67,11.83,-2.84,442053.0,442995.0,942.0
JSW Dulux,JSWDULUX,/company/JSWDULUX/consolidated/,3004.80,13695.04,Jun 2026,Mar 2026,True,61.2,61.2,0.0,8.43,8.49,0.06,21.79,21.96,0.17,,,,8.58,8.33,-0.25,48493.0,48114.0,-379.0
JSW Energy,JSWENERGY,/company/JSWENERGY/consolidated/,494.90,91072.39,Jun 2026,Mar 2026,True,69.41,66.53,-2.88,9.74,11.41,1.67,14.29,16.16,1.87,0.03,0.03,0.0,6.44,5.82,-0.62,565674.0,555401.0,-10273.0
JSW Infrast,JSWINFRA,/company/JSWINFRA/consolidated/,363.05,84449.73,Jun 2026,Mar 2026,True,83.61,73.93,-9.68,6.92,11.21,4.29,2.43,9.19,6.76,,,,6.33,5.39,-0.94,460256.0,430425.0,-29831.0
JSW Steel,JSWSTEEL,/company/JSWSTEEL/consolidated/,1259.60,308766.74,Jun 2026,Mar 2026,True,45.31,44.29,-1.02,25.38,25.92,0.54,11.16,11.49,0.33,0.51,0.51,0.0,17.47,17.62,0.15,603274.0,610616.0,7342.0
JTEKT India,JTEKTINDIA,/company/JTEKTINDIA/,115.38,3191.62,Jun 2026,Mar 2026,True,74.98,74.98,0.0,0.48,0.6,0.12,11.14,10.24,-0.9,,,,13.41,14.19,0.78,45176.0,45846.0,670.0
JTL Industries,JTLIND,/company/JTLIND/consolidated/,84.53,3234.73,Jun 2026,Mar 2026,True,49.26,49.26,0.0,3.4,4.84,1.44,0.0,0.14,0.14,,,,47.34,45.75,-1.59,82504.0,85849.0,3345.0
Jubilant Agri,JUBLCPL,/company/JUBLCPL/consolidated/,2003.50,3003.42,Jun 2026,Mar 2026,True,74.36,74.36,0.0,0.27,0.22,-0.05,0.14,0.23,0.09,,,,25.24,25.2,-0.04,18327.0,18430.0,103.0
Jubilant Ingrev.,JUBLINGREA,/company/JUBLINGREA/consolidated/,644.25,10296.70,Jun 2026,Mar 2026,True,45.22,45.22,0.0,6.49,6.49,0.0,24.76,24.98,0.22,0.02,0.02,0.0,22.53,22.3,-0.23,112696.0,110949.0,-1747.0
Jubilant Pharmo,JUBLPHARMA,/company/JUBLPHARMA/consolidated/,989.20,15775.64,Jun 2026,Mar 2026,True,47.67,47.67,0.0,15.9,15.87,-0.03,11.63,12.4,0.77,,,,24.25,23.5,-0.75,86347.0,82703.0,-3644.0
Jupiter Life Lin,JLHL,/company/JLHL/consolidated/,253.85,8318.69,Jun 2026,Mar 2026,True,40.91,40.91,0.0,8.48,9.37,0.89,17.01,16.51,-0.5,,,,33.6,33.2,-0.4,32985.0,33194.0,209.0
K P R Mill Ltd,KPRMILL,/company/KPRMILL/consolidated/,1100.40,37614.97,Jun 2026,Mar 2026,True,67.52,67.52,0.0,6.64,7.02,0.38,19.47,19.25,-0.22,0.01,0.01,0.0,6.35,6.19,-0.16,123029.0,111866.0,-11163.0
Kabra Extrusion,KABRAEXTRU,/company/KABRAEXTRU/consolidated/,815.70,2855.06,Jun 2026,Mar 2026,True,60.49,60.44,-0.05,0.35,0.36,0.01,0.02,0.02,0.0,,,,39.14,39.19,0.05,27137.0,26399.0,-738.0
Kajaria Ceramics,KAJARIACER,/company/KAJARIACER/consolidated/,1213.80,19102.34,Jun 2026,Mar 2026,True,47.69,47.69,0.0,10.23,11.58,1.35,27.47,26.24,-1.23,,,,14.6,14.48,-0.12,92831.0,125200.0,32369.0
Kalyani Invest.,KICL,/company/KICL/consolidated/,4808.30,2102.63,Jun 2026,Mar 2026,True,74.98,74.98,0.0,0.65,0.64,-0.01,0.51,0.56,0.05,,,,23.85,23.8,-0.05,24502.0,23781.0,-721.0
Kalyani Steels,KSL,/company/KSL/,942.80,4115.61,Jun 2026,Mar 2026,True,64.7,64.7,0.0,1.82,1.77,-0.05,11.14,11.48,0.34,,,,22.33,22.06,-0.27,44840.0,43550.0,-1290.0
Kamdhenu,KAMDHENU,/company/KAMDHENU/,37.31,1052.00,Jun 2026,Mar 2026,True,49.03,49.03,0.0,1.88,2.06,0.18,0.01,0.03,0.02,,,,49.08,48.89,-0.19,50779.0,48824.0,-1955.0
Kansai Nerolac,KANSAINER,/company/KANSAINER/consolidated/,184.00,14876.20,Jun 2026,Mar 2026,True,74.96,74.96,0.0,3.6,4.02,0.42,11.9,11.88,-0.02,,,,9.53,9.14,-0.39,150761.0,145779.0,-4982.0
Kapston Services,KAPSTON,/company/KAPSTON/,547.25,1665.40,Jun 2026,Mar 2026,True,72.87,72.87,0.0,0.0,0.01,0.01,,,,,,,27.13,27.12,-0.01,5964.0,6564.0,600.0
Karnataka Bank,KTKBANK,/company/KTKBANK/,324.25,12280.48,Jun 2026,Mar 2026,True,,,,11.78,13.1,1.32,16.16,15.75,-0.41,,,,72.04,71.15,-0.89,393841.0,374587.0,-19254.0
Karur Vysya Bank,KARURVYSYA,/company/KARURVYSYA/,325.20,31451.65,Jun 2026,Mar 2026,True,2.07,2.07,0.0,19.25,17.92,-1.33,39.26,41.22,1.96,0.02,0.01,-0.01,39.4,38.78,-0.62,272726.0,275908.0,3182.0
KEC International,KEC,/company/KEC/consolidated/,374.90,9982.53,Jun 2026,Mar 2026,True,50.1,50.1,0.0,9.84,9.92,0.08,26.86,23.34,-3.52,,,,13.18,16.64,3.46,197513.0,226492.0,28979.0
KEI Industries,KEI,/company/KEI/consolidated/,4557.40,43693.37,Jun 2026,Mar 2026,True,35.0,35.0,0.0,27.27,27.32,0.05,25.83,25.9,0.07,,,,11.88,11.76,-0.12,158565.0,160497.0,1932.0
Keltech Energies,506528,/company/506528/,13224.10,1322.41,Jun 2026,Mar 2026,True,54.33,54.33,0.0,,,,0.14,0.16,0.02,,,,45.52,45.51,-0.01,6724.0,6244.0,-480.0
Kernex Microsys.,KERNEX,/company/KERNEX/consolidated/,1749.70,2943.14,Jun 2026,Mar 2026,True,28.85,28.73,-0.12,0.3,2.48,2.18,0.02,0.05,0.03,0.06,0.06,0.0,70.78,68.69,-2.09,41511.0,41803.0,292.0
Kewal Kir.Cloth.,KKCL,/company/KKCL/consolidated/,474.55,2938.17,Jun 2026,Mar 2026,True,74.29,74.29,0.0,2.32,2.37,0.05,8.6,8.85,0.25,,,,14.8,14.48,-0.32,33321.0,32735.0,-586.0
KIOCL,KIOCL,/company/KIOCL/,344.60,20952.84,Mar 2026,Dec 2025,True,99.03,99.03,0.0,0.0,0.05,0.05,0.03,0.03,0.0,,,,0.92,0.88,-0.04,40444.0,39787.0,-657.0
Kiri Industries,KIRIINDUS,/company/KIRIINDUS/consolidated/,564.10,3674.77,Jun 2026,Mar 2026,True,36.72,41.71,4.99,18.32,16.75,-1.57,1.28,1.29,0.01,,,,43.68,40.25,-3.43,39697.0,40252.0,555.0
Kirl. Brothers,KIRLOSBROS,/company/KIRLOSBROS/consolidated/,1745.30,13854.07,Jun 2026,Mar 2026,True,65.95,65.95,0.0,6.24,6.41,0.17,10.38,10.23,-0.15,,,,17.43,17.4,-0.03,66266.0,64065.0,-2201.0
Kirl.Pneumatic,KIRLPNU,/company/KIRLPNU/,710.85,9229.69,Jun 2026,Mar 2026,True,38.81,38.81,0.0,9.56,10.39,0.83,26.53,25.97,-0.56,0.03,0.0,-0.03,25.08,24.81,-0.27,61484.0,64033.0,2549.0
Kirloskar Oil,KIRLOSENG,/company/KIRLOSENG/consolidated/,2266.10,32987.49,Jun 2026,Mar 2026,True,41.08,41.06,-0.02,10.79,11.33,0.54,26.69,26.0,-0.69,,,,21.45,21.61,0.16,106666.0,130627.0,23961.0
Kitex Garments,KITEX,/company/KITEX/consolidated/,118.96,2370.64,Jun 2026,Mar 2026,True,56.66,56.66,0.0,0.88,1.21,0.33,0.13,0.12,-0.01,,,,42.33,42.01,-0.32,100555.0,99677.0,-878.0
KMC Speciality,KMCSHIL,/company/KMCSHIL/,170.36,2779.07,Jun 2026,Mar 2026,True,75.0,75.0,0.0,0.0,0.02,0.02,,,,,,,25.01,24.98,-0.03,86318.0,88487.0,2169.0
Knowledge Marine,KMEW,/company/KMEW/consolidated/,3202.30,8128.52,Aug 2026,Jun 2026,True,51.56,49.99,-1.57,12.12,12.64,0.52,1.54,3.9,2.36,,,,34.79,33.46,-1.33,22941.0,23571.0,630.0
Kody Technolab,KODYTECH,/company/KODYTECH/consolidated/,1556.55,2224.85,Aug 2026,Mar 2026,True,72.73,69.49,-3.24,0.09,0.15,0.06,0.15,0.17,0.02,,,,27.03,30.19,3.16,2938.0,2771.0,-167.0
Kolte Patil Dev.,KOLTEPATIL,/company/KOLTEPATIL/consolidated/,433.55,3855.47,Jun 2026,Mar 2026,True,73.81,73.81,0.0,9.96,10.61,0.65,3.38,3.3,-0.08,,,,12.82,12.28,-0.54,41772.0,40601.0,-1171.0
Kotak Mah. Bank,KOTAKBANK,/company/KOTAKBANK/consolidated/,431.90,429339.37,Jun 2026,Mar 2026,True,25.87,25.87,0.0,26.4,25.21,-1.19,36.19,37.71,1.52,,,,11.54,11.2,-0.34,781448.0,784727.0,3279.0
Kovai Medical,KOVAI,/company/KOVAI/,5936.00,6497.96,Jun 2026,Mar 2026,True,56.53,56.53,0.0,1.21,1.25,0.04,4.47,4.24,-0.23,,,,37.8,37.98,0.18,18864.0,19362.0,498.0
KP Green Engg.,544150,/company/544150/,273.55,1367.75,Mar 2026,Sep 2025,True,66.61,66.61,0.0,0.34,0.35,0.01,0.1,0.13,0.03,,,,32.95,32.92,-0.03,8704.0,9011.0,307.0
Krishana Phosch.,KRISHANA,/company/KRISHANA/,193.66,5986.76,Jun 2026,Mar 2026,True,72.94,72.93,-0.01,0.26,0.37,0.11,0.0,0.03,0.03,,,,26.8,26.67,-0.13,12975.0,19162.0,6187.0
Krishival Foods,KRISHIVAL,/company/KRISHIVAL/consolidated/,404.45,1156.05,Aug 2026,Jun 2026,True,37.23,37.23,0.0,0.47,0.47,0.0,1.45,3.01,1.56,9.5,9.5,0.0,51.36,49.78,-1.58,2099.0,2046.0,-53.0
Krishna Defence,KRISHNADEF,/company/KRISHNADEF/,1312.30,1961.59,Jun 2026,Mar 2026,True,59.96,59.9,-0.06,0.61,1.36,0.75,2.06,1.32,-0.74,,,,37.37,37.41,0.04,12910.0,18720.0,5810.0
Krishna Institu.,KIMS,/company/KIMS/consolidated/,693.40,29268.46,Jun 2026,Mar 2026,True,34.11,32.49,-1.62,14.57,14.75,0.18,32.5,34.42,1.92,,,,18.82,18.32,-0.5,93333.0,94730.0,1397.0
KRN Heat Exchan,KRN,/company/KRN/consolidated/,1462.30,9551.42,Jun 2026,Mar 2026,True,70.79,65.69,-5.1,6.66,8.86,2.2,6.39,8.33,1.94,,,,16.16,17.13,0.97,83713.0,91234.0,7521.0
Krsnaa Diagnost.,KRSNAA,/company/KRSNAA/,552.70,1793.21,Jun 2026,Mar 2026,True,27.11,27.11,0.0,3.91,4.28,0.37,13.89,14.51,0.62,,,,55.09,54.08,-1.01,53022.0,53625.0,603.0
KSH Internationa,KSHINTL,/company/KSHINTL/,1034.10,7014.39,Jun 2026,Mar 2026,True,74.58,74.58,0.0,5.05,5.71,0.66,13.89,10.87,-3.02,,,,6.47,8.84,2.37,34256.0,43075.0,8819.0
Kwality Pharma,KPL,/company/KPL/consolidated/,3745.00,3888.76,Jun 2026,Mar 2026,True,54.87,54.86,-0.01,2.79,3.13,0.34,0.36,0.56,0.2,,,,41.99,41.45,-0.54,10555.0,13279.0,2724.0
L T Foods,LTFOODS,/company/LTFOODS/consolidated/,408.15,14181.86,Jun 2026,Mar 2026,True,51.0,51.0,0.0,8.74,8.21,-0.53,10.3,10.84,0.54,,,,29.97,29.95,-0.02,202282.0,187263.0,-15019.0
L&T Finance Ltd,LTF,/company/LTF/consolidated/,264.40,66156.39,Jun 2026,Mar 2026,True,65.99,65.96,-0.03,7.64,7.71,0.07,14.91,14.9,-0.01,,,,11.48,11.45,-0.03,748865.0,732902.0,-15963.0
L&T Technology,LTTS,/company/LTTS/consolidated/,3246.00,34430.25,Jun 2026,Mar 2026,True,73.57,73.52,-0.05,3.86,4.13,0.27,14.64,14.05,-0.59,,,,7.93,8.29,0.36,244820.0,247423.0,2603.0
Larsen & Toubro,LT,/company/LT/consolidated/,3770.00,520099.34,Jun 2026,Mar 2026,True,,,,18.78,19.13,0.35,43.32,43.01,-0.31,0.25,0.25,0.0,37.64,37.6,-0.04,1801254.0,1795249.0,-6005.0
Laurus Labs,LAURUSLABS,/company/LAURUSLABS/consolidated/,2050.00,111181.34,Jun 2026,Mar 2026,True,27.49,27.47,-0.02,25.82,28.0,2.18,13.96,13.73,-0.23,,,,32.73,30.79,-1.94,292281.0,291653.0,-628.0
Leela Palaces Hotels,THELEELA,/company/THELEELA/consolidated/,582.70,19458.04,Jun 2026,Mar 2026,True,75.91,75.91,0.0,8.62,7.87,-0.75,10.51,11.51,1.0,,,,4.96,4.71,-0.25,51427.0,56090.0,4663.0
Lenskart Solut.,LENSKART,/company/LENSKART/consolidated/,684.85,119297.20,Jun 2026,Mar 2026,True,17.55,17.53,-0.02,4.26,12.76,8.5,15.48,23.56,8.08,,,,62.3,45.73,-16.57,111973.0,135967.0,23994.0
LG Electronics,LGEINDIA,/company/LGEINDIA/,1758.60,119530.90,Jun 2026,Mar 2026,True,85.0,85.0,0.0,2.73,3.13,0.4,8.03,7.84,-0.19,,,,4.25,4.03,-0.22,973763.0,919561.0,-54202.0
LIC Housing Fin.,LICHSGFIN,/company/LICHSGFIN/consolidated/,502.00,27678.93,Jun 2026,Mar 2026,True,45.24,45.24,0.0,21.39,21.47,0.08,20.89,21.02,0.13,,,,12.49,12.27,-0.22,347941.0,337873.0,-10068.0
Life Insurance,LICI,/company/LICI/consolidated/,390.00,493921.64,Jun 2026,Mar 2026,True,96.5,96.5,0.0,0.31,0.44,0.13,1.27,0.99,-0.28,,,,1.9,2.06,0.16,2111766.0,2152897.0,41131.0
Lloyds Metals,LLOYDSME,/company/LLOYDSME/consolidated/,1858.20,104605.44,Jun 2026,Mar 2026,True,61.65,61.63,-0.02,2.26,1.85,-0.41,1.71,2.18,0.47,,,,34.35,34.27,-0.08,119530.0,126658.0,7128.0
Lodha Developers,LODHA,/company/LODHA/consolidated/,1135.60,114185.95,Jun 2026,Mar 2026,True,72.27,70.31,-1.96,21.24,23.65,2.41,4.62,3.56,-1.06,,,,1.85,2.46,0.61,147462.0,158746.0,11284.0
Lumax Auto Tech.,LUMAXTECH,/company/LUMAXTECH/consolidated/,1856.90,12658.13,Jun 2026,Mar 2026,True,55.98,55.98,0.0,8.38,8.7,0.32,16.81,16.53,-0.28,,,,18.83,18.79,-0.04,58405.0,64759.0,6354.0
Lumax Industries,LUMAXIND,/company/LUMAXIND/consolidated/,5435.50,5068.31,Jun 2026,Mar 2026,True,75.0,75.0,0.0,1.63,1.36,-0.27,6.07,6.7,0.63,,,,17.3,16.94,-0.36,23690.0,24495.0,805.0
Lupin,LUPIN,/company/LUPIN/consolidated/,2029.30,92844.02,Jun 2026,Mar 2026,True,46.85,46.85,0.0,21.7,22.42,0.72,25.32,24.65,-0.67,0.0,0.0,0.0,6.13,6.08,-0.05,290411.0,300283.0,9872.0
M & M Fin. Serv.,M&MFIN,/company/M&MFIN/consolidated/,327.75,45528.63,Jun 2026,Mar 2026,True,52.49,52.49,0.0,9.4,9.53,0.13,32.09,31.48,-0.61,,,,5.98,6.46,0.48,236252.0,241776.0,5524.0
M B Agro Prod.,MBAPL,/company/MBAPL/,166.95,7314.66,Sep 2026,Jun 2026,True,74.76,71.38,-3.38,0.67,1.03,0.36,0.01,0.07,0.06,,,,24.57,27.52,2.95,12260.0,15993.0,3733.0
M M Forgings,MMFL,/company/MMFL/consolidated/,579.15,2796.48,Jun 2026,Mar 2026,True,56.33,56.33,0.0,1.85,2.44,0.59,8.38,7.49,-0.89,,,,33.44,33.73,0.29,30828.0,29930.0,-898.0
Mah. Scooters,MAHSCOOTER,/company/MAHSCOOTER/,12315.00,14081.49,Jun 2026,Mar 2026,True,51.0,51.0,0.0,6.33,6.18,-0.15,3.69,3.85,0.16,0.01,0.01,0.0,38.96,38.96,0.0,23919.0,24766.0,847.0
Mah. Seamless,MAHSEAMLES,/company/MAHSEAMLES/consolidated/,685.70,9182.45,Jun 2026,Mar 2026,True,70.28,70.28,0.0,9.58,9.72,0.14,3.29,3.84,0.55,,,,16.83,16.17,-0.66,88783.0,83466.0,-5317.0
Mahanagar Gas,MGL,/company/MGL/,1039.80,10268.95,Jun 2026,Mar 2026,True,32.5,32.5,0.0,24.13,23.21,-0.92,21.01,22.53,1.52,10.0,10.0,0.0,12.34,11.75,-0.59,184373.0,178033.0,-6340.0
Mamata Machinery,MAMATA,/company/MAMATA/consolidated/,411.90,1013.60,Jun 2026,Mar 2026,True,62.45,62.45,0.0,0.16,0.35,0.19,1.66,1.75,0.09,,,,35.72,35.46,-0.26,58374.0,54773.0,-3601.0
Man Industries,MANINDS,/company/MANINDS/consolidated/,922.05,6910.82,Jun 2026,Mar 2026,True,43.21,43.21,0.0,2.41,2.87,0.46,1.34,1.43,0.09,,,,53.03,52.48,-0.55,50913.0,49144.0,-1769.0
Manali Petrochem,MANALIPETC,/company/MANALIPETC/consolidated/,92.36,1585.49,Jun 2026,Mar 2026,True,44.87,44.87,0.0,0.37,0.38,0.01,0.01,0.01,0.0,,,,54.77,54.75,-0.02,148876.0,146235.0,-2641.0
Manappuram Fin.,MANAPPURAM,/company/MANAPPURAM/consolidated/,310.20,29016.79,Jun 2026,Mar 2026,True,31.77,41.66,9.89,23.23,22.3,-0.93,12.96,14.85,1.89,,,,32.03,21.2,-10.83,554109.0,526798.0,-27311.0
Mangalam World.,MWL,/company/MWL/consolidated/,41.66,1231.11,Jun 2026,Mar 2026,True,66.5,66.5,0.0,0.01,0.26,0.25,0.0,0.0,0.0,,,,33.49,33.24,-0.25,1683.0,2824.0,1141.0
Mankind Pharma,MANKIND,/company/MANKIND/consolidated/,2500.00,103221.72,Jun 2026,Mar 2026,True,72.66,72.63,-0.03,10.24,9.45,-0.79,14.46,15.39,0.93,,,,2.63,2.53,-0.1,177606.0,166715.0,-10891.0
Manoj Vaibhav,MVGJL,/company/MVGJL/,206.69,1009.63,Jun 2026,Mar 2026,True,74.28,74.28,0.0,0.6,0.64,0.04,1.11,1.02,-0.09,,,,24.01,24.06,0.05,29022.0,28221.0,-801.0
Manorama Indust.,MANORAMA,/company/MANORAMA/,1985.60,12534.22,Jun 2026,Mar 2026,True,54.32,54.32,0.0,2.89,3.22,0.33,3.0,2.63,-0.37,,,,39.78,39.83,0.05,36335.0,33841.0,-2494.0
Marico,MARICO,/company/MARICO/consolidated/,794.15,103170.82,Jun 2026,Mar 2026,True,58.93,58.92,-0.01,24.08,23.4,-0.68,12.17,12.87,0.7,0.13,0.15,0.02,4.49,4.49,0.0,287764.0,293560.0,5796.0
Marine Electric.,MARINE,/company/MARINE/consolidated/,478.85,6701.24,Jun 2026,Mar 2026,True,68.2,68.2,0.0,0.59,1.12,0.53,0.34,0.41,0.07,,,,30.87,30.27,-0.6,89030.0,86580.0,-2450.0
Marksans Pharma,MARKSANS,/company/MARKSANS/consolidated/,324.40,14707.29,Jun 2026,Mar 2026,True,43.87,43.87,0.0,16.76,17.47,0.71,6.57,6.19,-0.38,,,,32.78,32.46,-0.32,246279.0,246635.0,356.0
Marsons,MARSONS,/company/MARSONS/,119.24,2052.12,Jun 2026,Mar 2026,True,53.65,53.65,0.0,0.12,0.13,0.01,0.15,0.17,0.02,,,,46.08,46.05,-0.03,27035.0,30677.0,3642.0
MAS FINANC SER,MASFIN,/company/MASFIN/consolidated/,266.90,4834.86,Jun 2026,Mar 2026,True,66.66,66.66,0.0,3.46,3.69,0.23,20.04,19.68,-0.36,,,,9.86,9.97,0.11,40107.0,39685.0,-422.0
Mastek,MASTEK,/company/MASTEK/consolidated/,1616.30,5016.40,Jun 2026,Mar 2026,True,35.77,35.77,0.0,8.03,7.45,-0.58,19.02,19.86,0.84,,,,37.18,36.94,-0.24,88918.0,90431.0,1513.0
Master Trust,MASTERTR,/company/MASTERTR/consolidated/,82.62,1011.87,Jun 2026,Mar 2026,True,71.93,71.93,0.0,0.02,0.03,0.01,0.0,0.0,0.0,,,,28.05,28.04,-0.01,12747.0,15147.0,2400.0
Max Estates,MAXESTATES,/company/MAXESTATES/consolidated/,564.95,9260.35,Jun 2026,Mar 2026,True,45.27,45.25,-0.02,25.88,25.84,-0.04,7.65,8.2,0.55,,,,21.19,20.69,-0.5,30720.0,29722.0,-998.0
Max Financial,MFSL,/company/MFSL/consolidated/,1361.00,47004.99,Jun 2026,Mar 2026,True,1.25,1.25,0.0,47.88,48.06,0.18,44.74,44.34,-0.4,,,,6.11,6.35,0.24,77069.0,80336.0,3267.0
Max Healthcare,MAXHEALTH,/company/MAXHEALTH/consolidated/,902.50,87879.58,Jun 2026,Mar 2026,True,23.71,23.71,0.0,45.39,41.78,-3.61,26.32,29.95,3.63,,,,4.58,4.55,-0.03,216996.0,224606.0,7610.0
Mayur Uniquoters,MAYURUNIQ,/company/MAYURUNIQ/consolidated/,761.15,3305.99,Jun 2026,Mar 2026,True,58.77,58.77,0.0,3.68,4.78,1.1,3.65,3.13,-0.52,,,,33.9,33.33,-0.57,38037.0,37381.0,-656.0
Medi Assist Ser.,MEDIASSIST,/company/MEDIASSIST/consolidated/,306.25,2282.37,Jun 2026,Mar 2026,True,4.61,4.61,0.0,24.31,25.42,1.11,49.18,47.24,-1.94,,,,21.9,22.74,0.84,88970.0,88148.0,-822.0
Media Matrix,MMWL,/company/MMWL/consolidated/,17.14,1926.19,Jun 2026,Mar 2026,True,59.41,59.41,0.0,0.0,0.01,0.01,,,,,,,40.58,40.57,-0.01,22479.0,22772.0,293.0
Medplus Health,MEDPLUS,/company/MEDPLUS/consolidated/,651.45,7831.80,Jun 2026,Mar 2026,True,40.22,40.19,-0.03,15.53,14.38,-1.15,27.82,29.95,2.13,,,,16.41,15.45,-0.96,77278.0,76005.0,-1273.0
Meesho,MEESHO,/company/MEESHO/consolidated/,238.22,110284.97,Sep 2026,Jun 2026,True,16.41,16.34,-0.07,5.19,9.84,4.65,9.14,13.6,4.46,0.0,0.07,0.07,69.26,60.18,-9.08,246157.0,219369.0,-26788.0
Meghna Infracon,MIIL,/company/MIIL/consolidated/,675.50,1466.89,Jun 2026,Mar 2026,True,47.01,47.01,0.0,7.89,7.98,0.09,,,,,,,45.09,45.02,-0.07,2596.0,2520.0,-76.0
Menon Bearings,MENONBE,/company/MENONBE/consolidated/,304.95,1700.61,Jun 2026,Mar 2026,True,68.44,68.44,0.0,0.21,0.14,-0.07,0.03,0.4,0.37,,,,31.31,31.03,-0.28,25436.0,24403.0,-1033.0
Metro Brands,METROBRAND,/company/METROBRAND/consolidated/,818.85,22313.19,Jun 2026,Mar 2026,True,71.8,71.8,0.0,3.77,3.73,-0.04,7.58,7.68,0.1,,,,16.86,16.78,-0.08,59425.0,57942.0,-1483.0
Metropolis Healt,METROPOLIS,/company/METROPOLIS/consolidated/,552.65,11433.96,Jun 2026,Mar 2026,True,48.86,48.86,0.0,10.43,11.03,0.6,35.8,35.12,-0.68,,,,4.92,5.0,0.08,49175.0,50636.0,1461.0
MIC Electronics,MICEL,/company/MICEL/consolidated/,34.60,1030.68,Sep 2026,Jun 2026,True,51.58,41.73,-9.85,5.58,20.36,14.78,,,,,,,42.84,37.92,-4.92,219167.0,214987.0,-4180.0
Midwest,MIDWESTLTD,/company/MIDWESTLTD/consolidated/,1006.20,3634.53,Jun 2026,Mar 2026,True,77.13,77.12,-0.01,4.37,3.88,-0.49,13.78,14.46,0.68,0.0,0.11,0.11,4.71,4.44,-0.27,21086.0,20204.0,-882.0
Midwest Energy,526570,/company/526570/consolidated/,341.15,4425.47,Jun 2026,Mar 2026,True,58.78,58.45,-0.33,12.02,12.63,0.61,1.58,1.57,-0.01,,,,27.61,27.35,-0.26,8868.0,8825.0,-43.0
Minda Corp,MINDACORP,/company/MINDACORP/consolidated/,659.60,15776.98,Jun 2026,Mar 2026,True,64.84,64.84,0.0,8.8,9.3,0.5,18.82,17.87,-0.95,,,,5.97,6.43,0.46,89480.0,98747.0,9267.0
Mishra Dhatu Nig,MIDHANI,/company/MIDHANI/,462.35,8667.57,Jun 2026,Mar 2026,True,74.0,74.0,0.0,1.32,2.57,1.25,7.81,7.37,-0.44,,,,16.85,16.06,-0.79,164331.0,154762.0,-9569.0
MMP Industries,MMP,/company/MMP/consolidated/,480.55,1220.72,Jun 2026,Mar 2026,True,74.48,74.49,0.01,0.02,0.02,0.0,0.0,0.0,0.0,,,,25.5,25.49,-0.01,10750.0,11202.0,452.0
MMTC,MMTC,/company/MMTC/consolidated/,56.29,8443.50,Jun 2026,Mar 2026,True,89.93,89.93,0.0,0.13,0.16,0.03,1.77,1.78,0.01,,,,8.18,8.15,-0.03,365864.0,355989.0,-9875.0
Mobavenue AI Tech,539682,/company/539682/consolidated/,303.80,2348.30,Jun 2026,Mar 2026,True,65.6,65.6,0.0,,,,0.0,0.04,0.04,,,,34.4,34.35,-0.05,1237.0,4323.0,3086.0
Modern Insulator,515008,/company/515008/consolidated/,466.75,2200.44,Jun 2026,Mar 2026,True,60.18,60.18,0.0,0.33,0.4,0.07,1.19,1.08,-0.11,,,,38.31,38.34,0.03,140264.0,140887.0,623.0
Modison,MODISONLTD,/company/MODISONLTD/consolidated/,491.30,1590.19,Jun 2026,Mar 2026,True,52.16,52.23,0.07,0.48,0.92,0.44,0.0,0.0,0.0,,,,47.35,46.84,-0.51,21079.0,21401.0,322.0
Monarch Networth,MONARCH,/company/MONARCH/consolidated/,344.65,2729.06,Jun 2026,Mar 2026,True,53.86,53.83,-0.03,1.47,2.77,1.3,0.15,0.15,0.0,,,,44.51,43.19,-1.32,19072.0,18430.0,-642.0
Monolithisch Ind,MONOLITH,/company/MONOLITH/consolidated/,1239.85,2694.93,Jun 2026,Mar 2026,True,74.27,74.27,0.0,1.31,1.79,0.48,2.61,2.82,0.21,,,,21.81,21.12,-0.69,1658.0,2102.0,444.0
Moschip Tech.,MOSCHIP,/company/MOSCHIP/consolidated/,197.70,3859.56,Jun 2026,Mar 2026,True,39.83,39.31,-0.52,0.4,0.77,0.37,,,,,,,59.66,59.83,0.17,357850.0,361757.0,3907.0
Motil.Oswal.Fin.,MOTILALOFS,/company/MOTILALOFS/consolidated/,1081.15,65456.31,Jun 2026,Mar 2026,True,67.54,67.2,-0.34,7.03,6.86,-0.17,6.02,6.78,0.76,,,,19.4,19.15,-0.25,241961.0,225318.0,-16643.0
Motisons Jewel,MOTISONS,/company/MOTISONS/,17.61,1995.28,Jun 2026,Mar 2026,True,64.86,57.12,-7.74,2.03,2.89,0.86,0.49,0.74,0.25,,,,32.62,39.25,6.63,163669.0,169586.0,5917.0
MPS,MPSLTD,/company/MPSLTD/consolidated/,2681.20,4590.16,Jun 2026,Mar 2026,True,68.34,68.34,0.0,1.47,1.38,-0.09,1.96,2.14,0.18,,,,27.41,27.31,-0.1,25010.0,25565.0,555.0
MSP Steel & Pow.,MSPL,/company/MSPL/consolidated/,32.34,1834.18,Jun 2026,Mar 2026,True,40.22,45.12,4.9,0.12,1.18,1.06,16.81,15.78,-1.03,,,,42.86,37.92,-4.94,56983.0,55388.0,-1595.0
MSTC,MSTCLTD,/company/MSTCLTD/consolidated/,714.30,5019.99,Jun 2026,Mar 2026,True,64.75,64.75,0.0,3.93,4.91,0.98,1.2,1.29,0.09,,,,30.11,29.06,-1.05,92581.0,87424.0,-5157.0
MTAR Technologie,MTARTECH,/company/MTARTECH/,7718.50,23744.58,Jun 2026,Mar 2026,True,30.44,29.35,-1.09,17.31,24.8,7.49,27.66,22.35,-5.31,,,,24.59,23.51,-1.08,209273.0,258386.0,49113.0
Mufin Green,MUFIN,/company/MUFIN/,135.17,2682.40,Jun 2026,Mar 2026,True,47.3,47.3,0.0,1.18,2.26,1.08,9.29,10.05,0.76,,,,42.22,40.39,-1.83,25767.0,24964.0,-803.0
Multi Comm. Exc.,MCX,/company/MCX/consolidated/,3310.00,84367.83,Jun 2026,Mar 2026,True,,,,26.07,29.85,3.78,54.35,50.8,-3.55,0.01,0.01,0.0,19.38,19.15,-0.23,360169.0,432684.0,72515.0
Munjal Auto Inds,MUNJALAU,/company/MUNJALAU/consolidated/,105.33,1051.90,Jun 2026,Mar 2026,True,74.81,74.81,0.0,0.0,0.06,0.06,0.03,0.03,0.0,,,,25.17,25.1,-0.07,47111.0,46301.0,-810.0
Muthoot Microfin,MUTHOOTMF,/company/MUTHOOTMF/,176.76,3011.57,Jun 2026,Mar 2026,True,55.47,55.47,0.0,22.81,23.11,0.3,3.51,3.38,-0.13,,,,16.61,16.45,-0.16,140500.0,136798.0,-3702.0
NACL Industries,NACLIND,/company/NACLIND/consolidated/,136.63,3202.68,Jun 2026,Mar 2026,True,53.7,53.68,-0.02,0.05,0.09,0.04,1.46,1.32,-0.14,,,,44.79,44.9,0.11,47596.0,48817.0,1221.0
Natl. Aluminium,NATIONALUM,/company/NATIONALUM/consolidated/,337.25,62150.62,Jun 2026,Mar 2026,True,51.28,51.28,0.0,22.27,21.99,-0.28,10.75,11.22,0.47,,,,15.69,15.52,-0.17,969058.0,948915.0,-20143.0
Navin Fluo.Intl.,NAVINFLUOR,/company/NAVINFLUOR/consolidated/,8536.00,43804.54,Jun 2026,Mar 2026,True,27.1,27.08,-0.02,23.78,23.73,-0.05,27.61,28.46,0.85,,,,21.49,20.73,-0.76,143987.0,138594.0,-5393.0
Navkar Corporat.,NAVKARCORP,/company/NAVKARCORP/,85.96,1292.19,Jun 2026,Mar 2026,True,70.37,70.37,0.0,0.17,0.67,0.5,1.65,0.02,-1.63,,,,27.81,28.94,1.13,60347.0,59524.0,-823.0
Navneet Educat.,NAVNETEDUL,/company/NAVNETEDUL/consolidated/,124.27,2750.58,Jun 2026,Mar 2026,True,63.29,63.29,0.0,3.11,3.2,0.09,13.03,13.57,0.54,,,,20.58,19.94,-0.64,39807.0,39641.0,-166.0
Nazara Technolo.,NAZARA,/company/NAZARA/consolidated/,379.55,14578.31,Aug 2026,Jun 2026,True,34.25,33.98,-0.27,13.23,15.51,2.28,2.39,2.47,0.08,,,,50.13,48.04,-2.09,101367.0,100544.0,-823.0
NBCC,NBCC,/company/NBCC/consolidated/,77.05,20803.50,Jun 2026,Mar 2026,True,61.75,61.75,0.0,4.99,4.77,-0.22,10.75,11.28,0.53,,,,22.5,22.2,-0.3,1277277.0,1226689.0,-50588.0
NCC,NCC,/company/NCC/consolidated/,128.47,8071.59,Jun 2026,Mar 2026,True,22.81,23.09,0.28,12.11,11.29,-0.82,16.4,17.88,1.48,,,,48.68,47.75,-0.93,557418.0,543274.0,-14144.0
NDR Auto Compon.,NDRAUTO,/company/NDRAUTO/consolidated/,704.70,1675.44,Jun 2026,Mar 2026,True,73.13,73.13,0.0,0.08,0.08,0.0,0.0,0.01,0.01,,,,26.8,26.78,-0.02,26000.0,25680.0,-320.0
Nelcast,NELCAST,/company/NELCAST/consolidated/,124.48,1086.40,Jun 2026,Mar 2026,True,74.87,74.87,0.0,0.36,0.39,0.03,0.11,0.12,0.01,,,,24.65,24.62,-0.03,28516.0,28233.0,-283.0
NELCO,NELCO,/company/NELCO/consolidated/,924.15,2106.06,Jun 2026,Mar 2026,True,50.09,50.09,0.0,4.73,5.62,0.89,0.26,0.05,-0.21,0.25,0.25,0.0,44.67,43.99,-0.68,71660.0,69141.0,-2519.0
Neogen Chemicals,NEOGEN,/company/NEOGEN/consolidated/,2429.20,7293.81,Sep 2026,Jun 2026,True,53.0,48.31,-4.69,4.11,4.51,0.4,19.6,23.43,3.83,,,,23.27,23.75,0.48,61988.0,68410.0,6422.0
Nestle India,NESTLEIND,/company/NESTLEIND/,1341.40,258425.00,Jun 2026,Mar 2026,True,62.76,62.76,0.0,9.74,10.3,0.56,12.4,11.89,-0.51,,,,15.09,15.04,-0.05,492124.0,479696.0,-12428.0
Netweb Technol.,NETWEB,/company/NETWEB/,4746.20,28203.45,Jun 2026,Mar 2026,True,66.98,66.98,0.0,9.29,9.27,-0.02,4.68,5.91,1.23,,,,19.03,17.84,-1.19,243292.0,246932.0,3640.0
Neuland Labs.,NEULANDLAB,/company/NEULANDLAB/consolidated/,21905.00,28126.69,Jun 2026,Mar 2026,True,32.63,32.62,-0.01,20.46,21.08,0.62,15.84,16.52,0.68,0.0,0.0,0.0,31.08,29.79,-1.29,46304.0,44340.0,-1964.0
New India Assura,NIACL,/company/NIACL/consolidated/,160.72,26521.83,Jun 2026,Mar 2026,True,85.44,85.44,0.0,1.01,1.02,0.01,11.17,11.17,0.0,,,,2.39,2.36,-0.03,155586.0,166768.0,11182.0
NGL Fine Chem,NGLFINE,/company/NGLFINE/,3122.10,1915.77,Jun 2026,Mar 2026,True,72.73,72.49,-0.24,0.03,0.05,0.02,0.0,0.02,0.02,,,,27.23,27.43,0.2,12516.0,13393.0,877.0
NHPC Ltd,NHPC,/company/NHPC/consolidated/,73.11,73643.82,Jun 2026,Mar 2026,True,67.4,61.39,-6.01,10.34,12.29,1.95,10.78,14.54,3.76,1.13,1.13,0.0,10.36,10.64,0.28,3367954.0,3305630.0,-62324.0
NIBE,NIBE,/company/NIBE/consolidated/,1240.90,1923.69,Jul 2026,Jun 2026,True,52.27,51.46,-0.81,10.59,11.47,0.88,0.55,0.58,0.03,,,,36.59,36.48,-0.11,44257.0,44534.0,277.0
NIIT,NIITLTD,/company/NIITLTD/consolidated/,86.78,1191.39,Jun 2026,Mar 2026,True,36.97,40.87,3.9,10.11,8.06,-2.05,11.17,11.14,-0.03,0.01,0.01,0.0,41.73,39.91,-1.82,109708.0,108184.0,-1524.0
NINtec Systems,NINSYS,/company/NINSYS/consolidated/,822.55,1531.52,Jun 2026,Mar 2026,True,47.48,47.6,0.12,0.0,0.01,0.01,0.0,0.01,0.01,,,,52.51,52.36,-0.15,8312.0,6918.0,-1394.0
Nippon Life Ind.,NAM-INDIA,/company/NAM-INDIA/consolidated/,1073.50,68961.99,Jun 2026,Mar 2026,True,71.93,71.8,-0.13,7.35,7.04,-0.31,14.77,15.49,0.72,,,,5.95,5.67,-0.28,208596.0,200154.0,-8442.0
Nitco,NITCO,/company/NITCO/consolidated/,83.77,2013.76,Jul 2026,Jun 2026,True,20.17,23.96,3.79,2.28,2.1,-0.18,0.62,0.59,-0.03,,,,76.94,73.35,-3.59,28351.0,28110.0,-241.0
Nitin Spinners,NITINSPIN,/company/NITINSPIN/,616.35,3469.13,Jun 2026,Mar 2026,True,56.71,56.71,0.0,1.1,1.92,0.82,14.28,14.68,0.4,,,,27.93,26.7,-1.23,35002.0,31698.0,-3304.0
Nitta Gelatin,NITTAGELA,/company/NITTAGELA/consolidated/,1668.10,1515.77,Jun 2026,Mar 2026,True,74.49,74.49,0.0,0.0,0.05,0.05,0.93,0.95,0.02,,,,24.59,24.51,-0.08,10551.0,11285.0,734.0
Niva Bupa Health,NIVABUPA,/company/NIVABUPA/,76.56,14172.68,Jun 2026,Mar 2026,True,55.36,55.3,-0.06,10.6,12.09,1.49,16.49,16.17,-0.32,,,,17.56,16.44,-1.12,135343.0,126567.0,-8776.0
NLC India,NLCINDIA,/company/NLCINDIA/consolidated/,254.90,35373.39,Jun 2026,Mar 2026,True,72.2,69.47,-2.73,3.61,4.62,1.01,13.97,12.94,-1.03,4.31,4.31,0.0,5.91,8.66,2.75,303919.0,333052.0,29133.0
NMDC,NMDC,/company/NMDC/consolidated/,74.38,65340.37,Jun 2026,Mar 2026,True,60.79,60.79,0.0,13.6,13.59,-0.01,13.76,13.8,0.04,,,,11.84,11.8,-0.04,1130914.0,1129202.0,-1712.0
NMDC Steel,NSLNISP,/company/NSLNISP/,40.90,11989.13,Jun 2026,Mar 2026,True,60.79,60.79,0.0,4.85,5.48,0.63,15.85,15.78,-0.07,,,,18.5,17.93,-0.57,721360.0,711902.0,-9458.0
NOCIL,NOCIL,/company/NOCIL/consolidated/,171.83,2870.50,Jun 2026,Mar 2026,True,33.76,33.76,0.0,4.55,4.78,0.23,7.92,7.48,-0.44,,,,53.79,53.99,0.2,165835.0,161342.0,-4493.0
Northern Arc,NORTHARC,/company/NORTHARC/consolidated/,298.20,4829.38,Jun 2026,Mar 2026,True,,,,7.51,8.64,1.13,7.11,5.63,-1.48,,,,85.37,85.72,0.35,96297.0,90306.0,-5991.0
Novartis India,NOVARTIND,/company/NOVARTIND/,2051.20,5067.41,Jul 2026,Jun 2026,True,70.68,70.68,0.0,0.16,0.15,-0.01,1.35,1.39,0.04,,,,27.81,27.79,-0.02,36502.0,36706.0,204.0
NRB Bearings,NRBBEARING,/company/NRBBEARING/consolidated/,536.95,5199.89,Jun 2026,Mar 2026,True,51.2,44.73,-6.47,14.69,18.92,4.23,10.06,13.85,3.79,,,,24.06,22.5,-1.56,70810.0,65659.0,-5151.0
NTPC,NTPC,/company/NTPC/consolidated/,321.45,312184.40,Jun 2026,Mar 2026,True,51.1,51.1,0.0,16.54,16.3,-0.24,29.13,29.44,0.31,0.12,0.0,-0.12,3.1,3.14,0.04,3300179.0,3201112.0,-99067.0
NTPC Green Ene.,NTPCGREEN,/company/NTPCGREEN/consolidated/,90.13,75929.65,Jun 2026,Mar 2026,True,89.01,89.01,0.0,1.61,1.67,0.06,5.07,5.21,0.14,,,,4.3,4.12,-0.18,1301463.0,1230466.0,-70997.0
Nupur Recyclers,NRL,/company/NRL/consolidated/,157.00,1084.38,Jun 2026,Mar 2026,True,73.13,73.6,0.47,0.0,0.41,0.41,0.0,0.0,0.0,,,,26.87,25.99,-0.88,19604.0,19074.0,-530.0
Nuvama Wealth,NUVAMA,/company/NUVAMA/consolidated/,1838.80,33921.30,Jun 2026,Mar 2026,True,54.13,53.98,-0.15,16.94,19.0,2.06,8.3,8.49,0.19,,,,20.62,18.51,-2.11,122511.0,116526.0,-5985.0
O N G C,ONGC,/company/ONGC/consolidated/,224.20,281299.40,Jun 2026,Mar 2026,True,58.89,58.89,0.0,7.97,8.01,0.04,19.3,19.31,0.01,10.3,10.3,0.0,3.54,3.5,-0.04,2777888.0,2736414.0,-41474.0
OBSC Perfection,OBSCP,/company/OBSCP/,904.80,2338.51,Sep 2026,Jun 2026,True,69.81,66.24,-3.57,0.64,5.1,4.46,1.6,2.5,0.9,,,,27.95,26.16,-1.79,2770.0,3034.0,264.0
OCCL,OCCLLTD,/company/OCCLLTD/,207.59,1040.55,Jun 2026,Mar 2026,True,51.76,51.76,0.0,0.14,0.27,0.13,4.75,4.75,0.0,,,,43.35,43.22,-0.13,19476.0,19549.0,73.0
Oil India,OIL,/company/OIL/consolidated/,447.85,73191.87,Jun 2026,Mar 2026,True,56.66,56.66,0.0,7.67,7.28,-0.39,19.43,20.13,0.7,9.87,9.87,0.0,6.36,6.06,-0.3,464370.0,457085.0,-7285.0
Ola Electric,OLAELEC,/company/OLAELEC/consolidated/,35.96,16639.22,Jun 2026,Mar 2026,True,34.59,32.96,-1.63,4.0,4.11,0.11,7.01,12.16,5.15,,,,49.64,46.26,-3.38,1953658.0,1944870.0,-8788.0
Olectra Greentec,OLECTRA,/company/OLECTRA/consolidated/,1102.90,9051.43,Jun 2026,Mar 2026,True,50.02,50.02,0.0,7.11,7.95,0.84,0.68,0.58,-0.1,,,,42.2,41.47,-0.73,456911.0,433537.0,-23374.0
Omnitech Engg.,OMNI,/company/OMNI/consolidated/,656.95,8125.53,Jun 2026,Mar 2026,True,74.19,74.19,0.0,4.26,4.31,0.05,11.92,10.81,-1.11,,,,9.62,10.68,1.06,19030.0,20968.0,1938.0
One 97,PAYTM,/company/PAYTM/consolidated/,1694.00,108947.15,Jun 2026,Mar 2026,True,,,,49.4,48.09,-1.31,23.08,24.87,1.79,,,,27.51,27.04,-0.47,820408.0,776661.0,-43747.0
One Global Serv,ONEGLOBAL,/company/ONEGLOBAL/,564.00,1110.34,Jun 2026,Mar 2026,True,68.4,68.4,0.0,5.44,7.72,2.28,0.01,0.01,0.0,,,,26.14,23.87,-2.27,8461.0,9204.0,743.0
One Mobikwik,MOBIKWIK,/company/MOBIKWIK/consolidated/,242.14,1907.15,Jun 2026,Mar 2026,True,25.09,25.08,-0.01,4.24,4.48,0.24,4.07,3.52,-0.55,,,,66.59,66.91,0.32,167477.0,164325.0,-3152.0
Onemi Technology,KISSHT,/company/KISSHT/consolidated/,383.10,6792.98,Aug 2026,Jun 2026,True,24.8,23.57,-1.23,7.64,7.82,0.18,19.05,17.64,-1.41,,,,48.52,50.98,2.46,36039.0,34544.0,-1495.0
OneSource Speci.,ONESOURCE,/company/ONESOURCE/consolidated/,1535.80,17591.96,Jun 2026,Mar 2026,True,30.48,30.48,0.0,17.5,19.19,1.69,20.61,23.37,2.76,,,,31.4,26.95,-4.45,79460.0,77899.0,-1561.0
Onida Electronics,ONIDA,/company/ONIDA/,31.11,1138.96,Jun 2026,Mar 2026,True,40.51,40.51,0.0,0.06,0.03,-0.03,0.0,0.08,0.08,,,,59.43,59.37,-0.06,72154.0,73126.0,972.0
Optiemus Infra.,OPTIEMUS,/company/OPTIEMUS/consolidated/,889.90,8024.94,Aug 2026,Jun 2026,True,72.17,71.4,-0.77,3.24,3.31,0.07,0.98,2.4,1.42,,,,23.62,22.9,-0.72,35747.0,33157.0,-2590.0
Oracle Fin.Serv.,OFSS,/company/OFSS/consolidated/,10482.00,91475.07,Jun 2026,Mar 2026,True,72.44,72.41,-0.03,8.04,9.7,1.66,9.12,8.79,-0.33,0.0,0.0,0.0,10.38,9.08,-1.3,141643.0,125043.0,-16600.0
Orchid Pharma,ORCHPHARMA,/company/ORCHPHARMA/consolidated/,1006.55,6022.13,Sep 2026,Jun 2026,True,69.84,74.45,4.61,0.8,0.92,0.12,20.75,17.54,-3.21,,,,8.62,7.08,-1.54,33433.0,33260.0,-173.0
Orient Tech.,ORIENTTECH,/company/ORIENTTECH/,226.35,1036.67,Jun 2026,Mar 2026,True,70.66,70.66,0.0,0.03,0.06,0.03,0.0,0.0,0.0,,,,29.31,29.29,-0.02,93232.0,89329.0,-3903.0
Oriental Aromat.,OAL,/company/OAL/consolidated/,511.35,1716.55,Jun 2026,Mar 2026,True,74.17,74.17,0.0,0.0,0.02,0.02,0.0,0.0,0.0,,,,25.83,25.81,-0.02,24382.0,23728.0,-654.0
Oriental Hotels,ORIENTHOT,/company/ORIENTHOT/consolidated/,143.61,2567.05,Jun 2026,Mar 2026,True,68.25,68.53,0.28,0.37,0.36,-0.01,1.14,1.14,0.0,,,,30.24,29.96,-0.28,75998.0,74048.0,-1950.0
P & G Health Ltd,PGHL,/company/PGHL/,5306.00,8805.30,Jun 2026,Mar 2026,True,51.82,51.82,0.0,6.2,6.33,0.13,13.67,12.44,-1.23,,,,28.3,29.41,1.11,50883.0,49056.0,-1827.0
P & G Hygiene,PGHH,/company/PGHH/,6865.00,22295.99,Jun 2026,Mar 2026,True,70.64,70.64,0.0,0.97,0.98,0.01,15.96,15.58,-0.38,,,,12.43,12.79,0.36,53416.0,57957.0,4541.0
P N Gadgil Jewe.,PNGJL,/company/PNGJL/consolidated/,588.60,8662.07,Aug 2026,Jun 2026,True,83.11,76.62,-6.49,0.48,4.73,4.25,4.76,7.88,3.12,,,,11.64,10.78,-0.86,153617.0,151408.0,-2209.0
Pace Digitek,PACEDIGITK,/company/PACEDIGITK/consolidated/,166.28,3587.87,Jun 2026,Mar 2026,True,69.52,69.52,0.0,0.56,0.98,0.42,5.99,5.36,-0.63,,,,23.94,24.14,0.2,78483.0,94368.0,15885.0
Page Industries,PAGEIND,/company/PAGEIND/,37970.00,42368.22,Jun 2026,Mar 2026,True,42.89,42.89,0.0,19.0,18.91,-0.09,32.5,32.93,0.43,0.71,0.71,0.0,4.9,4.56,-0.34,57225.0,52623.0,-4602.0
Paisalo Digital,PAISALO,/company/PAISALO/consolidated/,83.10,7592.83,Sep 2026,Jun 2026,True,46.71,46.51,-0.2,6.79,7.37,0.58,6.83,5.89,-0.94,,,,39.66,40.22,0.56,90332.0,80099.0,-10233.0
Panacea Biotec,PANACEABIO,/company/PANACEABIO/consolidated/,363.20,2230.36,Jun 2026,Mar 2026,True,72.48,72.48,0.0,1.6,2.31,0.71,1.96,2.25,0.29,,,,23.96,22.96,-1.0,32620.0,33532.0,912.0
Panama Petrochem,PANAMAPET,/company/PANAMAPET/consolidated/,504.10,3047.58,Jun 2026,Mar 2026,True,63.16,63.16,0.0,11.28,11.72,0.44,0.67,0.67,0.0,,,,24.88,24.44,-0.44,25780.0,26973.0,1193.0
Paramount Comm.,PARACABLES,/company/PARACABLES/consolidated/,58.22,1907.23,Jul 2026,Jun 2026,True,49.19,45.88,-3.31,0.49,0.45,-0.04,0.11,4.11,4.0,1.7,1.58,-0.12,48.54,47.99,-0.55,132072.0,132082.0,10.0
Paras Defence,PARAS,/company/PARAS/consolidated/,1323.30,10666.65,Jun 2026,Mar 2026,True,53.2,53.2,0.0,5.06,8.29,3.23,1.24,3.04,1.8,,,,40.52,35.46,-5.06,376813.0,336442.0,-40371.0
Patel Engineerin,PATELENG,/company/PATELENG/consolidated/,25.93,2574.62,Jun 2026,Mar 2026,True,31.48,31.49,0.01,2.86,3.28,0.42,6.17,4.76,-1.41,,,,55.74,56.71,0.97,462930.0,459866.0,-3064.0
PB Fintech.,POLICYBZR,/company/POLICYBZR/consolidated/,1034.90,47704.58,Jun 2026,Mar 2026,True,,,,39.94,37.29,-2.65,36.72,40.42,3.7,,,,23.19,22.14,-1.05,153261.0,150458.0,-2803.0
PC Jeweller,PCJEWELLER,/company/PCJEWELLER/consolidated/,12.93,12691.15,Jun 2026,Mar 2026,True,40.72,38.5,-2.22,10.4,12.15,1.75,5.42,4.31,-1.11,,,,43.46,45.03,1.57,833144.0,869669.0,36525.0
PCBL Chemical,PCBL,/company/PCBL/consolidated/,327.70,12889.74,Jun 2026,Mar 2026,True,53.38,53.38,0.0,5.56,5.79,0.23,10.99,11.26,0.27,1.19,1.19,0.0,28.9,28.37,-0.53,284488.0,275244.0,-9244.0
PDS,PDSL,/company/PDSL/consolidated/,347.40,4905.74,Jun 2026,Mar 2026,True,61.37,61.37,0.0,3.32,3.78,0.46,5.77,5.18,-0.59,,,,29.38,29.49,0.11,30098.0,30943.0,845.0
Pearl Global Ind,PGIL,/company/PGIL/consolidated/,1266.70,11693.60,Sep 2026,Jun 2026,True,61.11,59.91,-1.2,6.82,6.76,-0.06,19.16,20.12,0.96,,,,12.91,13.19,0.28,30518.0,42398.0,11880.0
Pennar Industrie,PENIND,/company/PENIND/consolidated/,177.85,2411.96,Jun 2026,Mar 2026,True,39.67,39.67,0.0,4.05,3.98,-0.07,5.28,5.9,0.62,,,,51.01,50.44,-0.57,81021.0,79314.0,-1707.0
Petro Carbon,PCCL,/company/PCCL/,415.00,1025.05,Mar 2026,Sep 2025,True,73.21,73.21,0.0,0.75,0.78,0.03,3.95,3.95,0.0,,,,22.09,22.06,-0.03,1601.0,1249.0,-352.0
PG Electroplast,PGEL,/company/PGEL/consolidated/,527.65,15152.48,Jun 2026,Mar 2026,True,43.41,43.37,-0.04,9.75,9.95,0.2,24.49,23.88,-0.61,,,,22.35,22.71,0.36,223484.0,220368.0,-3116.0
Physicswallah,PWL,/company/PWL/consolidated/,131.86,38218.00,Jun 2026,Mar 2026,True,72.3,71.27,-1.03,11.56,12.01,0.45,13.46,13.12,-0.34,,,,2.68,3.6,0.92,194993.0,179493.0,-15500.0
Piccadily Agro,PICCADIL,/company/PICCADIL/consolidated/,594.20,5854.67,Jun 2026,Mar 2026,True,68.56,68.56,0.0,0.76,0.81,0.05,0.79,0.88,0.09,,,,29.9,29.74,-0.16,73813.0,72980.0,-833.0
Pidilite Inds.,PIDILITIND,/company/PIDILITIND/consolidated/,1520.50,155150.61,Jun 2026,Mar 2026,True,69.32,69.24,-0.08,11.75,11.69,-0.06,9.56,9.81,0.25,0.08,0.09,0.01,9.29,9.18,-0.11,520440.0,509811.0,-10629.0
Pilani Invest.,PILANIINVS,/company/PILANIINVS/consolidated/,4067.10,4506.59,Jun 2026,Mar 2026,True,58.68,58.68,0.0,0.43,0.42,-0.01,1.38,1.41,0.03,,,,39.52,39.49,-0.03,17854.0,17621.0,-233.0
Pine Labs,PINELABS,/company/PINELABS/consolidated/,172.73,19917.38,Jun 2026,Mar 2026,True,,,,4.8,9.49,4.69,11.81,24.82,13.01,,,,83.39,65.68,-17.71,117551.0,178120.0,60569.0
Piramal Finance.,PIRAMALFIN,/company/PIRAMALFIN/consolidated/,2018.50,47765.01,Aug 2026,Jun 2026,True,46.16,44.22,-1.94,15.45,15.72,0.27,18.63,21.21,2.58,,,,19.54,18.64,-0.9,197926.0,195055.0,-2871.0
Pitti Engg.,PITTIENG,/company/PITTIENG/consolidated/,1122.00,4227.92,Jun 2026,Mar 2026,True,54.17,54.17,0.0,1.12,1.54,0.42,20.23,20.1,-0.13,,,,22.52,22.2,-0.32,37405.0,37224.0,-181.0
Pix Transmission,PIXTRANS,/company/PIXTRANS/consolidated/,1796.70,2440.52,Jun 2026,Mar 2026,True,62.06,62.06,0.0,0.41,0.61,0.2,2.51,2.7,0.19,,,,35.02,34.64,-0.38,28244.0,27767.0,-477.0
PNB Housing,PNBHOUSING,/company/PNBHOUSING/,1102.10,28634.44,Jun 2026,Mar 2026,True,28.04,28.03,-0.01,16.6,16.81,0.21,44.07,45.71,1.64,0.02,0.02,0.0,11.28,9.42,-1.86,192512.0,171742.0,-20770.0
PNC Infratech,PNCINFRA,/company/PNCINFRA/consolidated/,138.74,3558.71,Jun 2026,Mar 2026,True,56.07,56.07,0.0,7.18,7.28,0.1,24.55,23.83,-0.72,,,,12.21,12.81,0.6,167184.0,163876.0,-3308.0
Pokarna,POKARNA,/company/POKARNA/consolidated/,709.90,2197.05,Jun 2026,Mar 2026,True,56.66,56.66,0.0,6.9,6.91,0.01,15.97,15.64,-0.33,,,,20.47,20.79,0.32,24986.0,23588.0,-1398.0
Poly Medicure,POLYMED,/company/POLYMED/consolidated/,1633.80,16582.96,Jun 2026,Mar 2026,True,62.42,62.42,0.0,5.92,5.56,-0.36,15.6,16.08,0.48,,,,16.08,15.94,-0.14,73414.0,73643.0,229.0
Polycab India,POLYCAB,/company/POLYCAB/consolidated/,8147.00,122772.42,Jun 2026,Mar 2026,True,61.5,61.46,-0.04,18.21,19.0,0.79,7.95,7.62,-0.33,,,,12.33,11.92,-0.41,362997.0,356777.0,-6220.0
Polyplex Corpn,POLYPLEX,/company/POLYPLEX/consolidated/,1034.30,3248.19,Jun 2026,Mar 2026,True,26.72,26.72,0.0,9.91,10.22,0.31,2.91,2.85,-0.06,,,,60.46,60.18,-0.28,98128.0,95075.0,-3053.0
Pondy Oxides,POCL,/company/POCL/,447.25,3409.60,Jun 2026,Mar 2026,True,39.34,36.39,-2.95,2.22,3.14,0.92,7.15,7.5,0.35,,,,51.27,52.96,1.69,65865.0,72759.0,6894.0
Poonawalla Fin,POONAWALLA,/company/POONAWALLA/consolidated/,460.45,40560.76,Jun 2026,Mar 2026,True,63.93,59.02,-4.91,10.21,10.96,0.75,12.14,16.74,4.6,,,,13.15,12.75,-0.4,186863.0,190484.0,3621.0
Power Fin.Corpn.,PFC,/company/PFC/consolidated/,322.60,106131.68,Jun 2026,Mar 2026,True,55.99,55.99,0.0,19.64,20.54,0.9,15.05,14.5,-0.55,,,,9.32,8.96,-0.36,1054196.0,1004992.0,-49204.0
Power Mech Proj.,POWERMECH,/company/POWERMECH/consolidated/,2426.00,7677.53,Jun 2026,Mar 2026,True,58.41,58.41,0.0,6.48,6.54,0.06,20.18,20.6,0.42,,,,14.92,14.45,-0.47,77350.0,79426.0,2076.0
Prabha Energy,PRABHA,/company/PRABHA/consolidated/,221.33,3456.27,Jun 2026,Mar 2026,True,80.22,74.94,-5.28,0.66,1.82,1.16,0.01,0.07,0.06,,,,19.1,23.18,4.08,13711.0,14240.0,529.0
Praj Industries,PRAJIND,/company/PRAJIND/consolidated/,315.05,5799.62,Jun 2026,Mar 2026,True,32.81,32.81,0.0,17.74,17.75,0.01,12.68,14.09,1.41,,,,36.77,35.34,-1.43,400397.0,383086.0,-17311.0
Prataap Snacks,DIAMONDYD,/company/DIAMONDYD/,1088.20,2608.37,Jun 2026,Mar 2026,True,55.59,56.77,1.18,4.79,4.38,-0.41,7.21,7.35,0.14,,,,32.41,31.5,-0.91,13902.0,13162.0,-740.0
Prec. Wires (I),PRECWIRE,/company/PRECWIRE/,515.15,9414.57,Jun 2026,Mar 2026,True,56.61,56.61,0.0,1.65,2.47,0.82,0.11,0.15,0.04,,,,41.63,40.77,-0.86,62834.0,67461.0,4627.0
Precision Camshf,PRECAM,/company/PRECAM/consolidated/,113.27,1080.47,Jun 2026,Mar 2026,True,65.37,65.37,0.0,0.12,0.26,0.14,0.09,0.0,-0.09,,,,34.41,34.36,-0.05,60950.0,61240.0,290.0
Prem. Explosives,PREMEXPLN,/company/PREMEXPLN/consolidated/,685.10,3682.91,Jun 2026,Mar 2026,True,41.33,41.33,0.0,1.18,1.67,0.49,9.17,9.37,0.2,,,,48.33,47.62,-0.71,92900.0,84316.0,-8584.0
Premier Energies,PREMIERENE,/company/PREMIERENE/consolidated/,907.00,41356.54,Jun 2026,Mar 2026,True,63.94,58.48,-5.46,5.72,7.92,2.2,13.69,17.97,4.28,,,,16.28,15.07,-1.21,364141.0,338684.0,-25457.0
Premier Polyfilm,PREMIERPOL,/company/PREMIERPOL/,97.23,1015.81,Jun 2026,Mar 2026,True,69.39,71.09,1.7,0.07,0.09,0.02,1.02,1.02,0.0,0.21,0.21,0.0,29.3,27.58,-1.72,24052.0,23612.0,-440.0
Privi Speci.,PRIVISCL,/company/PRIVISCL/consolidated/,3504.90,13681.74,Jun 2026,Mar 2026,True,60.6,60.6,0.0,1.37,1.94,0.57,10.67,10.07,-0.6,,,,27.36,27.39,0.03,34415.0,44875.0,10460.0
PSP Projects,PSPPROJECT,/company/PSPPROJECT/consolidated/,761.75,3025.25,Jun 2026,Mar 2026,True,68.82,68.82,0.0,1.91,2.1,0.19,2.18,2.91,0.73,,,,27.08,26.18,-0.9,34179.0,32640.0,-1539.0
PTC India,PTC,/company/PTC/consolidated/,157.14,4653.54,Jun 2026,Mar 2026,True,16.22,16.22,0.0,27.46,28.88,1.42,7.52,8.95,1.43,3.38,3.38,0.0,45.43,42.58,-2.85,270599.0,254640.0,-15959.0
PTC Industries,PTCIL,/company/PTCIL/consolidated/,23125.00,34663.42,Jun 2026,Mar 2026,True,59.72,59.72,0.0,3.95,3.95,0.0,9.21,9.35,0.14,,,,27.12,26.98,-0.14,23581.0,26540.0,2959.0
Punjab Chemicals,PUNJABCHEM,/company/PUNJABCHEM/consolidated/,1039.00,1261.83,Jun 2026,Mar 2026,True,39.24,39.24,0.0,3.01,5.86,2.85,0.62,0.64,0.02,,,,57.14,54.28,-2.86,19299.0,19497.0,198.0
PVR Inox,PVRINOX,/company/PVRINOX/consolidated/,1249.40,12280.07,Jun 2026,Mar 2026,True,27.53,27.53,0.0,17.86,18.08,0.22,36.43,35.72,-0.71,,,,18.19,18.67,0.48,238892.0,236922.0,-1970.0
Quadrant Future,QUADFUTURE,/company/QUADFUTURE/,547.40,2185.47,Jun 2026,Mar 2026,True,70.0,70.0,0.0,0.02,1.85,1.83,1.7,2.08,0.38,,,,28.28,26.08,-2.2,41716.0,35257.0,-6459.0
Quality Power El,QPOWER,/company/QPOWER/consolidated/,1648.80,12748.52,Jun 2026,Mar 2026,True,73.91,73.91,0.0,2.28,3.37,1.09,5.97,6.45,0.48,,,,17.85,16.28,-1.57,73930.0,85706.0,11776.0
Quess Corp,QUESS,/company/QUESS/consolidated/,334.45,4993.29,Jun 2026,Mar 2026,True,56.83,56.82,-0.01,8.31,8.58,0.27,12.4,11.86,-0.54,,,,22.44,21.73,-0.71,110118.0,107345.0,-2773.0
R M Drip & Sprin,RMDRIP,/company/RMDRIP/,23.55,1009.77,Jun 2026,Mar 2026,True,21.06,21.06,0.0,3.85,4.24,0.39,0.1,0.1,0.0,,,,75.0,74.6,-0.4,44653.0,42996.0,-1657.0
R R Kabel,RRKABEL,/company/RRKABEL/consolidated/,2789.70,31567.35,Jun 2026,Mar 2026,True,61.65,61.38,-0.27,9.1,10.68,1.58,13.33,11.87,-1.46,,,,15.91,16.07,0.16,130587.0,143418.0,12831.0
R Systems Intl.,RSYSTEMS,/company/RSYSTEMS/consolidated/,246.30,2917.97,Jun 2026,Mar 2026,True,51.85,51.85,0.0,3.76,3.83,0.07,8.6,6.53,-2.07,,,,35.78,37.79,2.01,44372.0,44973.0,601.0
Radico Khaitan,RADICO,/company/RADICO/consolidated/,4460.10,59887.52,Jun 2026,Mar 2026,True,40.2,40.19,-0.01,17.63,18.2,0.57,27.35,28.08,0.73,,,,14.82,13.51,-1.31,152036.0,147064.0,-4972.0
Raghav Product.,RPEL,/company/RPEL/consolidated/,1818.90,8352.74,Jun 2026,Mar 2026,True,62.91,62.89,-0.02,0.36,0.81,0.45,0.0,0.01,0.01,,,,36.73,36.28,-0.45,12868.0,14899.0,2031.0
Railtel Corpn.,RAILTEL,/company/RAILTEL/,257.65,8267.34,Jun 2026,Mar 2026,True,72.84,72.84,0.0,3.72,3.98,0.26,0.99,0.99,0.0,,,,22.44,22.19,-0.25,492275.0,486005.0,-6270.0
Rain Industries,RAIN,/company/RAIN/consolidated/,212.63,7118.27,Jun 2026,Mar 2026,True,41.35,41.35,0.0,8.06,8.02,-0.04,2.15,2.67,0.52,0.34,0.34,0.0,48.1,47.62,-0.48,195180.0,192433.0,-2747.0
Rainbow Child.,RAINBOW,/company/RAINBOW/consolidated/,1239.70,12584.77,Jun 2026,Mar 2026,True,49.84,49.84,0.0,17.24,16.03,-1.21,21.12,22.56,1.44,,,,11.68,11.39,-0.29,88561.0,89305.0,744.0
Rajesh Power,544291,/company/544291/,754.90,1359.38,Mar 2026,Sep 2025,True,73.4,72.7,-0.7,0.45,0.68,0.23,3.39,3.52,0.13,,,,22.76,23.11,0.35,4646.0,6172.0,1526.0
Rajputana Stain.,RSL,/company/RSL/,176.06,1473.56,Jun 2026,Mar 2026,True,57.03,57.09,0.06,4.3,6.3,2.0,0.18,0.12,-0.06,,,,38.49,36.49,-2.0,14609.0,8209.0,-6400.0
Rajratan Global,RAJRATAN,/company/RAJRATAN/consolidated/,467.30,2376.97,Jun 2026,Mar 2026,True,65.2,65.2,0.0,0.57,0.83,0.26,8.3,8.35,0.05,,,,25.92,25.62,-0.3,64168.0,62564.0,-1604.0
Ram Ratna Wires,RAMRAT,/company/RAMRAT/consolidated/,641.20,5985.07,Jun 2026,Mar 2026,True,69.3,69.3,0.0,0.17,0.47,0.3,0.44,0.62,0.18,,,,30.09,29.62,-0.47,19958.0,24296.0,4338.0
Ramco Inds.,RAMCOIND,/company/RAMCOIND/consolidated/,297.75,2586.57,Jun 2026,Mar 2026,True,54.79,54.84,0.05,0.82,1.0,0.18,3.35,3.35,0.0,,,,41.06,40.81,-0.25,29086.0,31622.0,2536.0
Ramco Systems,RAMCOSYS,/company/RAMCOSYS/consolidated/,563.50,2119.07,Jun 2026,Mar 2026,True,55.69,55.51,-0.18,10.02,11.48,1.46,2.03,1.77,-0.26,,,,32.27,31.25,-1.02,27987.0,32100.0,4113.0
Ramky Infra,RAMKY,/company/RAMKY/consolidated/,286.65,1971.97,Jun 2026,Mar 2026,True,69.81,69.81,0.0,1.85,1.92,0.07,0.91,0.91,0.0,,,,27.44,27.37,-0.07,23216.0,23063.0,-153.0
Rane (Madras),RML,/company/RML/consolidated/,1394.40,3854.99,Jun 2026,Mar 2026,True,70.45,70.45,0.0,0.06,0.33,0.27,0.97,0.79,-0.18,,,,28.51,28.43,-0.08,29856.0,28932.0,-924.0
Rane Holdings,RANEHOLDIN,/company/RANEHOLDIN/consolidated/,1547.40,2220.85,Jun 2026,Mar 2026,True,46.63,46.64,0.01,0.76,0.93,0.17,4.11,3.39,-0.72,,,,48.48,49.05,0.57,15635.0,15390.0,-245.0
Rashi Peripheral,RPTECH,/company/RPTECH/consolidated/,958.25,6361.64,Jun 2026,Mar 2026,True,64.01,64.04,0.03,0.78,3.27,2.49,17.45,12.68,-4.77,,,,17.76,20.01,2.25,43946.0,52537.0,8591.0
Rategain Travel,RATEGAIN,/company/RATEGAIN/consolidated/,854.45,10128.05,Jun 2026,Mar 2026,True,48.77,48.78,0.01,5.35,5.75,0.4,20.86,20.86,0.0,,,,24.96,24.53,-0.43,92900.0,90004.0,-2896.0
Ratnamani Metals,RATNAMANI,/company/RATNAMANI/consolidated/,2601.20,18256.89,Jun 2026,Mar 2026,True,59.77,59.77,0.0,10.6,10.72,0.12,19.45,19.13,-0.32,0.02,0.02,0.0,10.15,10.37,0.22,38601.0,36573.0,-2028.0
Ratnaveer Precis,RATNAVEER,/company/RATNAVEER/,335.25,2814.87,Sep 2026,Jun 2026,True,45.49,38.71,-6.78,3.53,7.6,4.07,2.0,2.0,0.0,,,,48.98,51.69,2.71,55925.0,59871.0,3946.0
RattanIndia Pow.,RTNPOWER,/company/RTNPOWER/consolidated/,6.75,3624.82,Jun 2026,Mar 2026,True,44.06,44.06,0.0,5.13,5.25,0.12,6.62,6.58,-0.04,,,,44.2,44.1,-0.1,1943756.0,1911791.0,-31965.0
Ravindra Energy,RELTD,/company/RELTD/consolidated/,147.25,2927.48,Jun 2026,Mar 2026,True,63.66,58.26,-5.4,1.98,3.27,1.29,2.81,2.99,0.18,,,,31.55,35.49,3.94,80815.0,82798.0,1983.0
RBL Bank,RBLBANK,/company/RBLBANK/,414.50,64246.18,Jun 2026,Mar 2026,True,0.0,60.0,60.0,20.23,8.77,-11.46,42.97,16.92,-26.05,0.37,0.15,-0.22,36.44,14.16,-22.28,323042.0,320792.0,-2250.0
REC Ltd,RECLTD,/company/RECLTD/consolidated/,300.00,79170.78,Jun 2026,Mar 2026,True,52.63,52.63,0.0,15.79,15.76,-0.03,16.36,16.98,0.62,0.05,0.05,0.0,15.17,14.57,-0.6,1208647.0,1175194.0,-33453.0
Redington,REDINGTON,/company/REDINGTON/consolidated/,405.70,31716.59,Jun 2026,Mar 2026,True,,,,61.49,61.96,0.47,17.12,16.37,-0.75,0.06,0.06,0.0,21.33,21.61,0.28,253694.0,241094.0,-12600.0
Redtape,REDTAPE,/company/REDTAPE/consolidated/,114.80,6337.88,Jun 2026,Mar 2026,True,71.83,71.83,0.0,3.81,3.21,-0.6,11.01,11.74,0.73,,,,13.36,13.22,-0.14,77943.0,75576.0,-2367.0
Refex Industries,REFEX,/company/REFEX/consolidated/,265.15,3628.58,Jun 2026,Mar 2026,True,55.85,56.57,0.72,1.37,0.93,-0.44,0.13,0.38,0.25,,,,42.66,42.13,-0.53,94159.0,91033.0,-3126.0
Relaxo Footwear,RELAXO,/company/RELAXO/,290.50,7239.37,Jun 2026,Mar 2026,True,71.27,71.27,0.0,3.04,3.11,0.07,9.74,9.67,-0.07,,,,15.95,15.95,0.0,225931.0,223844.0,-2087.0
Religare Enterp.,RELIGARE,/company/RELIGARE/consolidated/,227.75,7840.43,Jun 2026,Mar 2026,True,30.27,30.55,0.28,7.85,9.64,1.79,8.52,9.33,0.81,,,,53.36,50.49,-2.87,73411.0,69935.0,-3476.0
Remus Pharma.,REMUS,/company/REMUS/consolidated/,867.75,1022.56,Mar 2026,Sep 2025,True,70.91,70.95,0.04,5.02,5.28,0.26,0.77,0.83,0.06,,,,23.31,22.93,-0.38,2032.0,2009.0,-23.0
Renaiss. Global,RGL,/company/RGL/consolidated/,163.62,1755.45,Jun 2026,Mar 2026,True,61.7,61.95,0.25,2.02,4.15,2.13,0.0,0.14,0.14,,,,36.28,33.76,-2.52,25824.0,23555.0,-2269.0
Repco Home Fin,REPCOHOME,/company/REPCOHOME/consolidated/,326.45,2038.91,Jun 2026,Mar 2026,True,37.13,37.13,0.0,13.37,12.36,-1.01,24.27,26.08,1.81,,,,25.21,24.42,-0.79,51135.0,49320.0,-1815.0
RHI Magnesita,RHIM,/company/RHIM/consolidated/,373.40,7712.83,Jun 2026,Mar 2026,True,56.07,56.07,0.0,4.38,3.98,-0.4,13.46,14.34,0.88,,,,26.08,25.6,-0.48,64358.0,63783.0,-575.0
Rico Auto Inds,RICOAUTO,/company/RICOAUTO/consolidated/,121.83,1646.59,Jun 2026,Mar 2026,True,50.33,50.33,0.0,2.14,3.58,1.44,0.09,0.24,0.15,,,,47.43,45.84,-1.59,107428.0,100407.0,-7021.0
Rishabh Instrum.,RISHABH,/company/RISHABH/consolidated/,688.40,2661.58,Jun 2026,Mar 2026,True,69.55,69.4,-0.15,0.1,1.17,1.07,11.72,11.21,-0.51,0.0,0.0,0.0,18.63,18.21,-0.42,32231.0,30707.0,-1524.0
Rossell Techsys,ROSSTECH,/company/ROSSTECH/consolidated/,1612.10,6072.89,Jun 2026,Mar 2026,True,74.8,74.8,0.0,1.6,1.68,0.08,3.51,0.78,-2.73,,,,20.08,22.74,2.66,19467.0,26662.0,7195.0
Roto Pumps,ROTO,/company/ROTO/consolidated/,62.24,1174.20,Jun 2026,Mar 2026,True,66.8,66.8,0.0,0.14,0.19,0.05,0.15,0.11,-0.04,,,,32.91,32.91,0.0,64755.0,69840.0,5085.0
RPG LifeScience.,RPGLIFE,/company/RPGLIFE/,2933.20,4857.93,Jun 2026,Mar 2026,True,72.95,72.95,0.0,0.87,0.95,0.08,7.45,8.68,1.23,,,,18.72,17.42,-1.3,25282.0,23886.0,-1396.0
RPSG Ventures,RPSGVENT,/company/RPSGVENT/consolidated/,833.10,2755.11,Jun 2026,Mar 2026,True,63.51,63.51,0.0,3.27,4.01,0.74,1.93,1.98,0.05,0.01,0.01,0.0,31.28,30.49,-0.79,40488.0,39049.0,-1439.0
Ruby Mills,RUBYMILLS,/company/RUBYMILLS/,512.80,1714.10,Jun 2026,Mar 2026,True,74.91,74.91,0.0,0.0,0.02,0.02,0.0,0.1,0.1,,,,25.11,24.98,-0.13,12510.0,10544.0,-1966.0
S A I L,SAIL,/company/SAIL/consolidated/,178.10,74045.88,Jun 2026,Mar 2026,True,65.0,65.0,0.0,5.01,7.09,2.08,18.4,16.87,-1.53,,,,11.58,11.05,-0.53,1572361.0,1509426.0,-62935.0
S P Apparels,SPAL,/company/SPAL/consolidated/,949.65,2388.72,Jun 2026,Mar 2026,True,61.81,61.81,0.0,1.48,1.49,0.01,16.57,16.15,-0.42,,,,20.13,20.55,0.42,17082.0,17353.0,271.0
Saatvik Green,SAATVIKGL,/company/SAATVIKGL/consolidated/,402.50,5116.61,Jun 2026,Mar 2026,True,75.99,75.99,0.0,0.03,0.19,0.16,10.52,10.97,0.45,,,,13.46,12.84,-0.62,78073.0,69254.0,-8819.0
Sahasra Electro.,SAHASRA,/company/SAHASRA/consolidated/,475.90,1189.41,Mar 2026,Sep 2025,True,69.9,69.9,0.0,0.0,0.12,0.12,1.86,0.89,-0.97,,,,28.24,29.09,0.85,6321.0,5928.0,-393.0
Sai Silks,KALAMANDIR,/company/KALAMANDIR/,77.36,1186.12,Jun 2026,Mar 2026,True,60.97,60.97,0.0,0.56,0.62,0.06,8.55,6.28,-2.27,,,,26.02,28.23,2.21,63064.0,63844.0,780.0
Sambhv Steel,SAMBHV,/company/SAMBHV/,162.19,4779.57,Jun 2026,Mar 2026,True,56.15,56.11,-0.04,1.52,1.53,0.01,3.09,3.17,0.08,0.0,0.02,0.02,39.24,39.17,-0.07,71309.0,69951.0,-1358.0
Samhi Hotels,SAMHI,/company/SAMHI/consolidated/,149.73,3331.83,Jun 2026,Mar 2026,True,,,,44.28,44.62,0.34,16.39,17.35,0.96,,,,39.32,38.03,-1.29,88889.0,83908.0,-4981.0
Samvardh. Mothe.,MOTHERSON,/company/MOTHERSON/consolidated/,160.00,167798.89,Jun 2026,Mar 2026,True,48.6,48.6,0.0,12.45,12.87,0.42,21.08,20.59,-0.49,0.05,0.05,0.0,17.6,17.67,0.07,1220691.0,1193976.0,-26715.0
Sanathan Textile,SANATHAN,/company/SANATHAN/consolidated/,525.65,4448.07,Jun 2026,Mar 2026,True,78.58,78.58,0.0,1.58,1.47,-0.11,12.31,12.73,0.42,,,,7.54,7.23,-0.31,26483.0,24885.0,-1598.0
Sandhar Tech,SANDHAR,/company/SANDHAR/consolidated/,558.10,3350.19,Jun 2026,Mar 2026,True,70.38,70.38,0.0,0.77,2.09,1.32,17.39,14.82,-2.57,,,,11.47,12.71,1.24,41860.0,45879.0,4019.0
Sandur Manganese,SANDUMA,/company/SANDUMA/consolidated/,183.38,8929.30,Jun 2026,Mar 2026,True,74.22,74.22,0.0,1.63,1.73,0.1,0.66,0.58,-0.08,,,,23.47,23.47,0.0,85207.0,87803.0,2596.0
Sangam India,SANGAMIND,/company/SANGAMIND/,642.40,3238.09,Jun 2026,Mar 2026,True,70.52,70.52,0.0,2.4,2.5,0.1,0.09,0.09,0.0,,,,25.14,25.04,-0.1,9333.0,9684.0,351.0
Sanghvi Movers,SANGHVIMOV,/company/SANGHVIMOV/consolidated/,419.50,3613.79,Jun 2026,Mar 2026,True,47.25,47.25,0.0,1.48,1.81,0.33,1.3,1.4,0.1,,,,49.97,49.53,-0.44,60472.0,57904.0,-2568.0
Sanofi Consumer,SANOFICONR,/company/SANOFICONR/,3736.50,8615.84,Jun 2026,Mar 2026,True,71.27,71.27,0.0,2.76,2.6,-0.16,17.57,17.85,0.28,,,,8.41,8.28,-0.13,48418.0,47511.0,-907.0
Sanofi India,SANOFI,/company/SANOFI/,3047.00,7014.69,Jun 2026,Mar 2026,True,60.4,60.4,0.0,5.65,5.69,0.04,21.12,19.87,-1.25,,,,12.84,14.05,1.21,75758.0,80005.0,4247.0
Sansera Enginee.,SANSERA,/company/SANSERA/,4232.90,26394.98,Jun 2026,Mar 2026,True,30.1,29.21,-0.89,18.79,21.52,2.73,35.38,31.04,-4.34,0.06,0.06,0.0,15.66,18.18,2.52,94980.0,104350.0,9370.0
Sanstar,SANSTAR,/company/SANSTAR/,104.07,2085.79,Jun 2026,Mar 2026,True,70.53,64.18,-6.35,0.01,0.29,0.28,0.31,0.27,-0.04,,,,29.14,35.24,6.1,82066.0,73384.0,-8682.0
Sapphire Foods,SAPPHIRE,/company/SAPPHIRE/consolidated/,215.16,6919.43,Jun 2026,Mar 2026,True,26.06,26.06,0.0,28.98,25.25,-3.73,37.49,41.92,4.43,,,,7.46,6.75,-0.71,56668.0,58178.0,1510.0
Sarda Energy,SARDAEN,/company/SARDAEN/consolidated/,500.70,17627.90,Jun 2026,Mar 2026,True,73.16,73.16,0.0,3.5,3.51,0.01,3.32,3.47,0.15,,,,20.01,19.84,-0.17,90809.0,91188.0,379.0
Saregama India,SAREGAMA,/company/SAREGAMA/consolidated/,503.70,9711.81,Jun 2026,Mar 2026,True,60.84,60.84,0.0,12.18,11.5,-0.68,7.1,8.6,1.5,,,,19.42,18.63,-0.79,68640.0,71163.0,2523.0
Sasken Technol.,SASKEN,/company/SASKEN/consolidated/,1679.50,2548.76,Jun 2026,Mar 2026,True,42.95,42.94,-0.01,18.54,19.11,0.57,1.05,1.39,0.34,0.05,0.05,0.0,37.4,36.49,-0.91,24143.0,26777.0,2634.0
Sathlokhar Sys.,SSEGL,/company/SSEGL/,397.00,1031.35,Jun 2026,Mar 2026,True,58.27,58.27,0.0,0.28,0.28,0.0,1.65,2.02,0.37,,,,39.81,39.43,-0.38,5655.0,5583.0,-72.0
Satin Creditcare,SATIN,/company/SATIN/consolidated/,228.35,2513.20,Jun 2026,Mar 2026,True,36.17,36.17,0.0,3.52,4.88,1.36,5.3,6.32,1.02,,,,54.58,52.23,-2.35,44277.0,37727.0,-6550.0
Savita Oil Tech,SOTL,/company/SOTL/,775.50,5313.93,Jun 2026,Mar 2026,True,68.93,68.93,0.0,0.88,1.02,0.14,13.18,13.18,0.0,,,,16.99,16.86,-0.13,32524.0,33511.0,987.0
SBC Exports,SBC,/company/SBC/,61.70,2934.31,Jun 2026,Mar 2026,True,50.35,50.28,-0.07,0.77,2.79,2.02,0.0,0.08,0.08,,,,48.88,46.86,-2.02,122113.0,121469.0,-644.0
SBFC Finance,SBFC,/company/SBFC/,83.28,9228.14,Jun 2026,Mar 2026,True,52.35,52.31,-0.04,6.21,7.22,1.01,21.97,20.72,-1.25,,,,19.4,19.69,0.29,138467.0,134577.0,-3890.0
Schaeffler India,SCHAEFFLER,/company/SCHAEFFLER/,3818.10,59668.99,Jun 2026,Mar 2026,True,74.13,74.13,0.0,4.25,4.36,0.11,16.32,16.21,-0.11,0.03,0.02,-0.01,5.28,5.29,0.01,66745.0,68487.0,1742.0
Schneider Elect.,SCHNEIDER,/company/SCHNEIDER/,1274.00,30485.38,Jun 2026,Mar 2026,True,75.0,75.0,0.0,3.18,3.42,0.24,4.07,4.65,0.58,,,,17.74,16.91,-0.83,106662.0,117705.0,11043.0
SEAMEC Ltd,SEAMECLTD,/company/SEAMECLTD/consolidated/,1584.90,4030.88,Jun 2026,Mar 2026,True,72.72,72.72,0.0,3.73,5.93,2.2,4.49,4.39,-0.1,0.02,0.02,0.0,19.05,16.95,-2.1,16623.0,18049.0,1426.0
Sedemac Mechatro,SEDEMAC,/company/SEDEMAC/,3399.60,15009.31,Jun 2026,Mar 2026,True,26.24,26.23,-0.01,2.52,4.27,1.75,43.93,39.81,-4.12,,,,27.31,29.7,2.39,18127.0,25697.0,7570.0
Senco Gold,SENCO,/company/SENCO/consolidated/,318.75,5220.22,Jun 2026,Mar 2026,True,64.49,64.48,-0.01,7.6,6.88,-0.72,12.61,13.54,0.93,,,,15.29,15.11,-0.18,158119.0,150103.0,-8016.0
Senores Pharma.,SENORES,/company/SENORES/consolidated/,1388.60,6387.75,Jun 2026,Mar 2026,True,45.82,45.82,0.0,3.64,6.62,2.98,9.62,9.77,0.15,,,,40.92,37.78,-3.14,34126.0,36498.0,2372.0
Seshaasai Tech.,STYL,/company/STYL/,369.70,5987.81,Jun 2026,Mar 2026,True,81.8,81.8,0.0,0.33,0.29,-0.04,7.05,7.74,0.69,,,,10.83,10.17,-0.66,81803.0,80072.0,-1731.0
SG Finserve,SGFIN,/company/SGFIN/,662.15,4359.06,Jun 2026,Mar 2026,True,52.92,56.95,4.03,0.26,0.54,0.28,3.28,2.18,-1.1,,,,43.54,40.34,-3.2,26403.0,28150.0,1747.0
SG Mart,SGMART,/company/SGMART/consolidated/,742.85,9375.61,Jun 2026,Mar 2026,True,36.27,57.9,21.63,1.86,1.9,0.04,5.27,4.11,-1.16,,,,56.6,36.09,-20.51,22031.0,20309.0,-1722.0
Sh. Digvijay Cem,SHREDIGCEM,/company/SHREDIGCEM/,67.85,1003.60,Jun 2026,Mar 2026,True,59.2,63.71,4.51,0.38,0.5,0.12,1.29,1.42,0.13,,,,39.13,34.37,-4.76,83326.0,81126.0,-2200.0
Sh.Pushkar Chem.,SHREEPUSHK,/company/SHREEPUSHK/consolidated/,510.10,1634.83,Jun 2026,Mar 2026,True,69.36,69.36,0.0,0.42,0.5,0.08,0.29,0.0,-0.29,,,,29.92,30.13,0.21,16723.0,16315.0,-408.0
Shadowfax Technologies,SHADOWFAX,/company/SHADOWFAX/,288.00,16912.74,Jun 2026,Mar 2026,True,16.59,16.51,-0.08,7.65,8.78,1.13,20.64,19.1,-1.54,,,,55.12,55.62,0.5,78607.0,67373.0,-11234.0
Shaily Engineer.,SHAILY,/company/SHAILY/,3100.30,14272.46,Jun 2026,Mar 2026,True,43.39,41.09,-2.3,16.73,18.18,1.45,10.61,14.84,4.23,,,,29.27,25.89,-3.38,52325.0,56755.0,4430.0
Shakti Pumps,SHAKTIPUMP,/company/SHAKTIPUMP/consolidated/,449.35,5539.27,Jun 2026,Mar 2026,True,50.36,50.36,0.0,4.83,5.08,0.25,4.97,2.39,-2.58,,,,39.84,42.15,2.31,247997.0,256595.0,8598.0
Shalby,SHALBY,/company/SHALBY/consolidated/,136.51,1477.31,Jun 2026,Mar 2026,True,74.33,74.33,0.0,4.36,4.47,0.11,0.25,0.3,0.05,,,,20.41,20.26,-0.15,51415.0,50770.0,-645.0
Shanti Educat.,SEIL,/company/SEIL/consolidated/,186.16,2989.36,Jun 2026,Mar 2026,True,49.88,49.88,0.0,24.65,25.67,1.02,0.16,0.0,-0.16,,,,25.3,24.44,-0.86,6725.0,6931.0,206.0
Shanti Gold,SHANTIGOLD,/company/SHANTIGOLD/,336.65,2583.02,Aug 2026,Jun 2026,True,74.89,70.35,-4.54,1.92,4.63,2.71,1.58,1.8,0.22,,,,21.62,23.21,1.59,30274.0,33627.0,3353.0
Share India Sec.,SHAREINDIA,/company/SHAREINDIA/consolidated/,211.40,4623.95,Jun 2026,Mar 2026,True,48.62,48.62,0.0,1.54,1.87,0.33,0.47,0.48,0.01,,,,49.38,49.03,-0.35,67413.0,66409.0,-1004.0
Sheela Foam,SFL,/company/SFL/consolidated/,623.40,6806.64,Jun 2026,Mar 2026,True,65.69,65.39,-0.3,4.15,4.17,0.02,20.55,18.52,-2.03,,,,9.6,11.92,2.32,66611.0,68569.0,1958.0
Shilchar Tech.,SHILCTECH,/company/SHILCTECH/,4094.20,4681.06,Jun 2026,Mar 2026,True,62.12,62.12,0.0,2.55,2.57,0.02,1.91,1.95,0.04,0.0,0.0,0.0,33.43,33.37,-0.06,43953.0,43353.0,-600.0
Shilpa Medicare,SHILPAMED,/company/SHILPAMED/consolidated/,1073.70,21007.77,Jun 2026,Mar 2026,True,40.13,40.13,0.0,11.07,11.39,0.32,8.58,8.05,-0.53,,,,40.21,40.42,0.21,53410.0,60926.0,7516.0
Shivalik Bimetal,SBCL,/company/SBCL/consolidated/,1099.60,6335.92,Jun 2026,Mar 2026,True,33.36,33.61,0.25,1.73,2.04,0.31,20.0,14.54,-5.46,,,,44.9,49.81,4.91,60956.0,65391.0,4435.0
Shoppers Stop,SHOPERSTOP,/company/SHOPERSTOP/consolidated/,398.15,4381.19,Jun 2026,Mar 2026,True,66.06,66.06,0.0,2.06,1.92,-0.14,25.45,25.7,0.25,,,,6.44,6.34,-0.1,27006.0,26432.0,-574.0
Shreeji Ship. Gl,SHREEJISPG,/company/SHREEJISPG/consolidated/,796.50,12977.27,Jun 2026,Mar 2026,True,90.0,90.0,0.0,0.22,0.46,0.24,1.14,1.08,-0.06,,,,8.65,8.46,-0.19,27548.0,26167.0,-1381.0
Shriram Finance,SHRIRAMFIN,/company/SHRIRAMFIN/consolidated/,965.05,226242.15,Jun 2026,Mar 2026,True,25.38,20.3,-5.08,45.15,54.75,9.6,23.29,19.9,-3.39,,,,6.18,5.03,-1.15,334705.0,352550.0,17845.0
Shriram Properti,SHRIRAMPPS,/company/SHRIRAMPPS/consolidated/,68.13,1160.95,Jun 2026,Mar 2026,True,27.89,27.89,0.0,6.05,6.85,0.8,2.49,1.43,-1.06,0.01,0.01,0.0,63.53,63.81,0.28,81079.0,84665.0,3586.0
Shukra Pharma.,SHUKRAPHAR,/company/SHUKRAPHAR/,72.58,3214.74,Aug 2026,Jun 2026,True,50.95,51.16,0.21,,,,0.11,0.11,0.0,,,,48.93,48.74,-0.19,28384.0,28384.0,0.0
Shyam Metalics,SHYAMMETL,/company/SHYAMMETL/consolidated/,1054.00,29434.92,Jun 2026,Mar 2026,True,74.59,74.59,0.0,3.09,2.97,-0.12,9.17,13.75,4.58,,,,12.85,8.42,-4.43,101423.0,100443.0,-980.0
Siemens,SIEMENS,/company/SIEMENS/consolidated/,3854.00,137015.61,Jun 2026,Mar 2026,True,75.0,75.0,0.0,6.8,6.47,-0.33,8.59,9.1,0.51,,,,9.6,9.45,-0.15,258262.0,257203.0,-1059.0
Siemens Ener.Ind,ENRIN,/company/ENRIN/,3307.50,117129.93,Jun 2026,Mar 2026,True,75.0,75.0,0.0,7.59,7.72,0.13,6.62,6.44,-0.18,,,,10.78,10.82,0.04,237745.0,239615.0,1870.0
Sigma Advanced System,SIGMAADV,/company/SIGMAADV/consolidated/,1119.40,21322.89,Jul 2026,Jun 2026,True,71.22,66.24,-4.98,0.24,0.13,-0.11,0.02,0.02,0.0,,,,28.52,33.61,5.09,46289.0,49801.0,3512.0
Signpost India,SIGNPOST,/company/SIGNPOST/,262.10,1392.91,Jun 2026,Mar 2026,True,60.38,60.38,0.0,0.09,0.23,0.14,0.02,0.02,0.0,,,,39.5,39.35,-0.15,16069.0,16455.0,386.0
Sika Interplant,SIKA,/company/SIKA/consolidated/,1029.30,2179.54,Jun 2026,Mar 2026,True,71.72,71.72,0.0,3.21,3.25,0.04,0.04,0.04,0.0,,,,25.04,24.98,-0.06,25730.0,26959.0,1229.0
Simplex Infra,SIMPLEXINF,/company/SIMPLEXINF/consolidated/,259.13,2052.56,Jun 2026,Mar 2026,True,35.99,35.99,0.0,0.49,0.39,-0.1,5.81,6.59,0.78,,,,57.71,57.02,-0.69,14642.0,14881.0,239.0
Sindhu Trade,SINDHUTRAD,/company/SINDHUTRAD/consolidated/,22.00,3991.92,Aug 2026,Jun 2026,True,74.97,73.93,-1.04,3.18,6.43,3.25,0.0,0.0,0.0,,,,21.86,19.64,-2.22,39749.0,39041.0,-708.0
Sirca Paints,SIRCA,/company/SIRCA/,406.60,2308.62,Jun 2026,Mar 2026,True,65.19,65.19,0.0,6.29,6.08,-0.21,0.0,3.53,3.53,,,,28.51,25.21,-3.3,37648.0,37017.0,-631.0
SIS,SIS,/company/SIS/consolidated/,416.70,5880.68,Jun 2026,Mar 2026,True,71.88,71.86,-0.02,12.56,13.27,0.71,6.62,6.25,-0.37,,,,8.93,8.63,-0.3,69358.0,64694.0,-4664.0
SJS Enterprises,SJS,/company/SJS/consolidated/,1981.40,6399.49,Jun 2026,Mar 2026,True,21.15,20.15,-1.0,15.68,14.67,-1.01,31.09,34.04,2.95,,,,32.06,31.15,-0.91,75411.0,74050.0,-1361.0
SJVN,SJVN,/company/SJVN/consolidated/,57.26,22494.14,Jun 2026,Mar 2026,True,81.85,81.85,0.0,2.75,2.79,0.04,3.74,3.74,0.0,,,,11.65,11.62,-0.03,1402728.0,1371708.0,-31020.0
SKF India Indus.,SKFINDUS,/company/SKFINDUS/,2774.60,13697.48,Jun 2026,Mar 2026,True,52.58,52.58,0.0,4.87,5.08,0.21,29.72,29.18,-0.54,,,,12.83,13.15,0.32,57325.0,55936.0,-1389.0
Skipper,SKIPPER,/company/SKIPPER/,551.50,6216.38,Jul 2026,Jun 2026,True,66.5,61.48,-5.02,4.11,10.64,6.53,1.92,2.24,0.32,,,,27.47,25.65,-1.82,87064.0,88286.0,1222.0
SKM Egg Prod.,SKMEGGPROD,/company/SKMEGGPROD/consolidated/,210.05,1102.84,Jun 2026,Mar 2026,True,57.47,57.47,0.0,0.49,1.29,0.8,0.36,0.21,-0.15,,,,41.68,41.02,-0.66,29817.0,31227.0,1410.0
Sky Gold & Diam.,SKYGOLD,/company/SKYGOLD/consolidated/,857.65,13298.86,Jun 2026,Mar 2026,True,51.74,51.74,0.0,1.2,2.79,1.59,13.14,14.2,1.06,,,,33.91,31.27,-2.64,89118.0,81880.0,-7238.0
Smartworks Cowor,SMARTWORKS,/company/SMARTWORKS/consolidated/,503.90,5759.03,Jun 2026,Mar 2026,True,58.33,58.33,0.0,0.16,0.28,0.12,9.06,8.92,-0.14,,,,32.46,32.47,0.01,20825.0,20263.0,-562.0
SML Mahindra,SMLMAH,/company/SMLMAH/,6135.50,8870.46,Jun 2026,Mar 2026,True,58.97,58.97,0.0,0.77,1.24,0.47,1.56,2.43,0.87,,,,38.71,37.35,-1.36,39068.0,41457.0,2389.0
SMS Pharma.,SMSPHARMA,/company/SMSPHARMA/consolidated/,472.20,4428.27,Jun 2026,Mar 2026,True,68.07,68.07,0.0,0.31,0.65,0.34,3.02,2.83,-0.19,,,,28.6,28.45,-0.15,32397.0,31489.0,-908.0
Sobhagya Mercant,512014,/company/512014/,1334.00,1387.23,Jul 2026,Jun 2026,True,64.62,60.58,-4.04,13.83,19.22,5.39,,,,,,,21.56,20.19,-1.37,1353.0,1342.0,-11.0
Solar Industries,SOLARINDS,/company/SOLARINDS/consolidated/,20071.00,182463.01,Jun 2026,Mar 2026,True,73.15,73.15,0.0,6.59,6.39,-0.2,12.89,13.36,0.47,,,,7.35,7.1,-0.25,115917.0,116877.0,960.0
Somany Ceramics,SOMANYCERA,/company/SOMANYCERA/consolidated/,625.00,2564.98,Jun 2026,Mar 2026,True,55.19,55.19,0.0,1.34,1.38,0.04,21.64,19.42,-2.22,,,,21.82,23.99,2.17,31674.0,31895.0,221.0
Sona BLW Precis.,SONACOMS,/company/SONACOMS/,820.00,51339.58,Jun 2026,Mar 2026,True,28.01,28.01,0.0,23.7,23.61,-0.09,41.46,41.6,0.14,0.0,0.01,0.01,6.82,6.77,-0.05,378653.0,364057.0,-14596.0
Sonata Software,SONATSOFTW,/company/SONATSOFTW/consolidated/,252.05,7061.16,Jun 2026,Mar 2026,True,28.17,28.17,0.0,8.74,9.17,0.43,25.55,24.68,-0.87,,,,36.24,36.7,0.46,201519.0,201974.0,455.0
South Ind.Bank,SOUTHBANK,/company/SOUTHBANK/,47.23,12366.82,Jun 2026,Mar 2026,True,,,,24.21,25.39,1.18,12.75,14.24,1.49,,,,63.03,60.36,-2.67,1167278.0,1143415.0,-23863.0
SPARC,SPARC,/company/SPARC/,196.89,6408.27,Jun 2026,Mar 2026,True,65.67,65.68,0.01,2.04,3.9,1.86,0.88,0.09,-0.79,,,,31.41,30.34,-1.07,140625.0,141957.0,1332.0
Spice LoungeFood,539895,/company/539895/consolidated/,25.19,1756.05,Jun 2026,Mar 2026,True,0.0,64.36,64.36,,,,,,,,,,100.01,35.63,-64.38,6721.0,6876.0,155.0
Sportking India,SPORTKING,/company/SPORTKING/,202.80,2571.43,Jun 2026,Mar 2026,True,74.36,74.36,0.0,0.23,0.36,0.13,0.0,0.0,0.0,,,,25.41,25.27,-0.14,23089.0,22449.0,-640.0
SPR Auto Technologies,SHRIPISTON,/company/SHRIPISTON/consolidated/,4405.00,20408.56,Aug 2026,Jun 2026,True,43.75,41.55,-2.2,8.21,8.39,0.18,12.16,16.0,3.84,,,,35.86,34.05,-1.81,54998.0,58035.0,3037.0
SRF,SRF,/company/SRF/consolidated/,2470.00,73366.05,Jun 2026,Mar 2026,True,50.26,50.26,0.0,16.67,15.45,-1.22,21.17,22.44,1.27,0.04,0.04,0.0,11.87,11.81,-0.06,180341.0,177423.0,-2918.0
Sri Lotus,LOTUSDEV,/company/LOTUSDEV/consolidated/,244.73,11995.33,Jun 2026,Mar 2026,True,81.87,81.87,0.0,1.0,1.2,0.2,1.59,1.73,0.14,,,,15.55,15.19,-0.36,102268.0,96724.0,-5544.0
Standard Engineering Technology,SETL,/company/SETL/consolidated/,428.30,8561.15,Jun 2026,Mar 2026,True,60.47,60.47,0.0,2.43,2.78,0.35,0.35,0.2,-0.15,,,,36.76,36.56,-0.2,51209.0,47340.0,-3869.0
Star Cement,STARCEMENT,/company/STARCEMENT/consolidated/,176.41,7133.39,Jun 2026,Mar 2026,True,58.12,58.1,-0.02,2.26,2.29,0.03,2.65,2.38,-0.27,,,,36.96,37.23,0.27,62720.0,62529.0,-191.0
Star Health Insu,STARHEALTH,/company/STARHEALTH/,550.55,32440.01,Jun 2026,Mar 2026,True,57.98,58.01,0.03,15.06,16.04,0.98,20.31,19.41,-0.9,,,,6.66,6.55,-0.11,179067.0,168763.0,-10304.0
Steel Exchange,STEELXIND,/company/STEELXIND/,11.46,1460.43,Jun 2026,Mar 2026,True,50.8,49.67,-1.13,0.3,0.7,0.4,2.58,1.95,-0.63,0.25,0.24,-0.01,46.07,47.44,1.37,298388.0,288478.0,-9910.0
Steel Str. Wheel,SSWL,/company/SSWL/,424.70,6680.68,Jun 2026,Mar 2026,True,61.15,61.15,0.0,8.22,8.6,0.38,5.08,3.15,-1.93,0.0,0.0,0.0,25.57,27.14,1.57,57836.0,59133.0,1297.0
Steelcast,STEELCAS,/company/STEELCAS/,369.60,3745.50,Jun 2026,Mar 2026,True,45.0,45.0,0.0,0.25,0.29,0.04,2.53,2.55,0.02,,,,52.23,52.17,-0.06,14580.0,16225.0,1645.0
STEL Holdings,STEL,/company/STEL/consolidated/,575.95,1063.22,Jun 2026,Mar 2026,True,71.65,72.05,0.4,0.01,0.01,0.0,0.13,0.07,-0.06,,,,28.21,27.88,-0.33,21183.0,20877.0,-306.0
Sterlite Tech.,STLTECH,/company/STLTECH/consolidated/,1016.70,52350.49,Jul 2026,Jun 2026,True,44.52,42.29,-2.23,18.22,19.71,1.49,11.43,13.27,1.84,,,,25.82,24.74,-1.08,233593.0,235524.0,1931.0
STL Networks,STLNETWORK,/company/STLNETWORK/consolidated/,47.08,2296.73,Jun 2026,Mar 2026,True,44.15,44.14,-0.01,0.7,1.11,0.41,6.17,3.27,-2.9,,,,48.97,51.48,2.51,224420.0,221161.0,-3259.0
Stove Kraft,STOVEKRAFT,/company/STOVEKRAFT/,813.45,2695.79,Jun 2026,Mar 2026,True,55.79,55.79,0.0,0.81,1.22,0.41,7.97,7.09,-0.88,,,,35.45,35.89,0.44,59006.0,55318.0,-3688.0
Strides Pharma,STAR,/company/STAR/consolidated/,1088.70,10042.70,Jun 2026,Mar 2026,True,27.91,27.91,0.0,28.68,28.4,-0.28,14.44,15.42,0.98,0.01,0.01,0.0,28.96,28.28,-0.68,86616.0,94850.0,8234.0
Studds Accessor.,STUDDS,/company/STUDDS/consolidated/,407.05,1600.10,Jun 2026,Mar 2026,True,61.75,61.75,0.0,1.07,1.48,0.41,9.6,9.19,-0.41,,,,27.58,27.57,-0.01,75013.0,73166.0,-1847.0
Stylam Industrie,STYLAMIND,/company/STYLAMIND/,3303.50,5601.07,Jun 2026,Mar 2026,True,54.1,56.86,2.76,2.81,2.62,-0.19,13.31,12.14,-1.17,,,,29.78,28.39,-1.39,31776.0,31135.0,-641.0
Styrenix Perfor.,STYRENIX,/company/STYRENIX/consolidated/,2042.90,3586.52,Jun 2026,Mar 2026,True,46.24,46.24,0.0,0.95,0.86,-0.09,17.33,17.43,0.1,,,,35.47,35.47,0.0,45090.0,44820.0,-270.0
Sudarshan Chem.,SUDARSCHEM,/company/SUDARSCHEM/consolidated/,1238.60,9850.86,Jun 2026,Mar 2026,True,8.2,8.19,-0.01,7.96,8.48,0.52,24.89,26.41,1.52,,,,58.95,56.91,-2.04,55044.0,57744.0,2700.0
Sudeep Pharma,SUDEEPPHRM,/company/SUDEEPPHRM/consolidated/,1158.40,13119.19,Jun 2026,Mar 2026,True,76.16,76.16,0.0,1.55,1.81,0.26,18.11,15.64,-2.47,,,,4.18,6.39,2.21,36503.0,35695.0,-808.0
Sundaram Clayton,SUNCLAY,/company/SUNCLAY/consolidated/,1152.80,2542.89,Jun 2026,Mar 2026,True,59.08,59.08,0.0,0.42,0.88,0.46,21.08,20.71,-0.37,,,,19.41,19.3,-0.11,22755.0,22732.0,-23.0
Sundram Fasten.,SUNDRMFAST,/company/SUNDRMFAST/consolidated/,1140.30,23968.46,Jun 2026,Mar 2026,True,46.94,46.94,0.0,11.25,11.4,0.15,22.39,22.3,-0.09,,,,19.42,19.34,-0.08,77340.0,71664.0,-5676.0
Sundrop Brands,SUNDROP,/company/SUNDROP/consolidated/,746.80,2848.50,Jun 2026,Mar 2026,True,38.91,43.9,4.99,0.23,0.2,-0.03,5.55,5.79,0.24,,,,55.3,50.12,-5.18,14925.0,14778.0,-147.0
Sunflag Iron,SUNFLAG,/company/SUNFLAG/consolidated/,459.05,8292.10,Jun 2026,Mar 2026,True,51.16,51.16,0.0,0.54,0.86,0.32,0.04,0.21,0.17,,,,48.27,47.78,-0.49,56098.0,55328.0,-770.0
Sunrakshakk Inds,SUNRAKSHAK,/company/SUNRAKSHAK/consolidated/,356.75,1103.23,Jun 2026,Mar 2026,True,69.66,69.66,0.0,,,,0.0,3.95,3.95,,,,30.35,26.39,-3.96,3619.0,3792.0,173.0
Sunshield Chem.,SUNSHIEL,/company/SUNSHIEL/,1153.00,1014.05,Jun 2026,Mar 2026,True,66.53,66.54,0.01,8.46,9.13,0.67,0.01,0.01,0.0,,,,25.0,24.32,-0.68,4838.0,5318.0,480.0
Suprajit Engg.,SUPRAJIT,/company/SUPRAJIT/consolidated/,471.20,6472.53,Jun 2026,Mar 2026,True,45.26,45.26,0.0,6.5,6.54,0.04,17.17,17.01,-0.16,,,,31.05,31.18,0.13,73587.0,68962.0,-4625.0
Supreme Petroch.,SPLPETRO,/company/SPLPETRO/,819.60,15432.16,Jun 2026,Mar 2026,True,64.24,64.24,0.0,3.69,3.8,0.11,4.24,4.14,-0.1,0.09,0.09,0.0,27.74,27.73,-0.01,41031.0,42429.0,1398.0
Supriya Lifesci.,SUPRIYA,/company/SUPRIYA/,915.35,7365.36,Jun 2026,Mar 2026,True,68.3,68.3,0.0,5.16,6.18,1.02,5.7,5.3,-0.4,,,,20.83,20.21,-0.62,81161.0,82082.0,921.0
Suraksha Diagno.,SURAKSHA,/company/SURAKSHA/consolidated/,332.00,1733.26,Jun 2026,Mar 2026,True,49.1,49.1,0.0,13.46,13.47,0.01,23.14,23.22,0.08,,,,14.31,14.2,-0.11,67107.0,64866.0,-2241.0
Suryoday Small,SURYODAY,/company/SURYODAY/,151.47,1610.73,Jun 2026,Mar 2026,True,22.48,22.48,0.0,5.23,5.35,0.12,5.72,5.47,-0.25,,,,66.58,66.7,0.12,95026.0,89688.0,-5338.0
Suzlon Energy,SUZLON,/company/SUZLON/consolidated/,39.16,53371.26,Jun 2026,Mar 2026,True,11.73,11.7,-0.03,23.85,24.15,0.3,9.18,11.12,1.94,0.0,0.0,0.0,55.23,53.02,-2.21,5695354.0,5536345.0,-159009.0
Swan Defence,SWANDEF,/company/SWANDEF/consolidated/,2760.20,14674.43,Jun 2026,Mar 2026,True,89.9,89.9,0.0,0.6,0.67,0.07,2.05,1.93,-0.12,,,,7.44,7.49,0.05,87730.0,84204.0,-3526.0
Swiggy,SWIGGY,/company/SWIGGY/consolidated/,244.20,67562.47,Jun 2026,Mar 2026,True,,,,14.59,13.96,-0.63,25.45,27.38,1.93,,,,54.39,53.57,-0.82,536096.0,570439.0,34343.0
Syncom Formul.,SYNCOMF,/company/SYNCOMF/,23.22,2184.57,Jun 2026,Mar 2026,True,50.57,50.57,0.0,0.21,0.35,0.14,,,,,,,49.23,49.07,-0.16,431690.0,422114.0,-9576.0
Synergy Green,SGIL,/company/SGIL/,666.20,1039.03,Jun 2026,Mar 2026,True,69.5,69.5,0.0,0.22,0.23,0.01,1.51,1.73,0.22,,,,28.72,28.47,-0.25,10897.0,10203.0,-694.0
Syrma SGS Tech.,SYRMA,/company/SYRMA/consolidated/,1685.10,32512.03,Jun 2026,Mar 2026,True,42.28,42.28,0.0,6.6,7.51,0.91,16.59,15.9,-0.69,0.01,0.01,0.0,34.41,34.17,-0.24,178986.0,204149.0,25163.0
T B Z,TBZ,/company/TBZ/consolidated/,608.85,4078.58,Jun 2026,Mar 2026,True,74.12,74.12,0.0,0.26,1.47,1.21,0.0,0.0,0.0,,,,25.63,24.41,-1.22,54101.0,50689.0,-3412.0
T N Merc. Bank,TMB,/company/TMB/,878.95,13932.45,Jun 2026,Mar 2026,True,,,,6.19,6.73,0.54,1.91,1.96,0.05,,,,91.91,91.32,-0.59,117065.0,117147.0,82.0
T N Newsprint,TNPL,/company/TNPL/,145.94,1008.27,Jun 2026,Mar 2026,True,35.32,35.32,0.0,4.96,5.01,0.05,10.54,9.53,-1.01,4.06,4.06,0.0,45.12,46.07,0.95,49209.0,48969.0,-240.0
T N Petro Prod.,TNPETRO,/company/TNPETRO/consolidated/,126.03,1133.89,Jun 2026,Mar 2026,True,34.54,34.54,0.0,10.78,11.11,0.33,0.0,0.0,0.0,,,,54.66,54.35,-0.31,98207.0,96779.0,-1428.0
TajGVK Hotels,TAJGVK,/company/TAJGVK/consolidated/,318.30,1998.64,Jun 2026,Mar 2026,True,71.0,71.0,0.0,0.32,0.41,0.09,4.02,4.08,0.06,,,,24.67,24.49,-0.18,85156.0,84953.0,-203.0
Talbros Auto.,TALBROAUTO,/company/TALBROAUTO/consolidated/,429.45,2651.55,Jun 2026,Mar 2026,True,58.43,58.43,0.0,0.49,1.27,0.78,0.09,0.18,0.09,,,,40.99,40.12,-0.87,60911.0,55208.0,-5703.0
Tanfac Inds.,506854,/company/506854/,3204.30,6932.04,Jun 2026,Mar 2026,True,51.82,48.73,-3.09,0.03,1.53,1.5,0.33,4.16,3.83,,,,47.83,45.58,-2.25,16344.0,16393.0,49.0
Tanla Platforms,TANLA,/company/TANLA/consolidated/,492.15,6524.24,Jun 2026,Mar 2026,True,46.17,46.17,0.0,7.6,7.63,0.03,0.28,0.38,0.1,,,,45.48,45.35,-0.13,273754.0,264765.0,-8989.0
TARC Ltd,TARC,/company/TARC/consolidated/,124.10,3672.31,Jun 2026,Mar 2026,True,65.12,65.12,0.0,0.92,0.99,0.07,6.4,6.44,0.04,,,,27.56,27.46,-0.1,54264.0,53065.0,-1199.0
Tasty Bite Eat.,TASTYBITE,/company/TASTYBITE/,9413.00,2422.99,Jun 2026,Mar 2026,True,74.23,74.23,0.0,3.67,3.73,0.06,0.46,0.0,-0.46,,,,21.64,22.04,0.4,19212.0,18396.0,-816.0
Tata Capital,TATACAP,/company/TATACAP/consolidated/,322.10,136684.19,Jun 2026,Mar 2026,True,85.41,85.41,0.0,4.88,5.17,0.29,3.6,3.57,-0.03,,,,5.43,5.19,-0.24,1269833.0,1211911.0,-57922.0
Tata Chemicals,TATACHEM,/company/TATACHEM/consolidated/,616.55,15718.68,Jun 2026,Mar 2026,True,37.98,37.98,0.0,11.9,12.06,0.16,22.83,21.11,-1.72,0.03,0.03,0.0,27.25,28.81,1.56,643078.0,637200.0,-5878.0
Tata Comm,TATACOMM,/company/TATACOMM/consolidated/,1681.80,47967.15,Jun 2026,Mar 2026,True,58.86,58.86,0.0,14.44,13.75,-0.69,19.14,19.85,0.71,,,,7.56,7.53,-0.03,175946.0,172357.0,-3589.0
Tata Consumer,TATACONSUM,/company/TATACONSUM/consolidated/,976.00,96538.58,Jun 2026,Mar 2026,True,33.83,33.83,0.0,20.79,20.08,-0.71,24.18,24.99,0.81,0.01,0.02,0.01,21.16,21.06,-0.1,804698.0,790683.0,-14015.0
Tata Inv.Corpn.,TATAINVEST,/company/TATAINVEST/consolidated/,624.15,31599.39,Jun 2026,Mar 2026,True,73.38,73.38,0.0,2.62,2.66,0.04,0.54,0.56,0.02,0.41,0.41,0.0,23.03,22.96,-0.07,245759.0,241568.0,-4191.0
Tata Motors,TMCV,/company/TMCV/consolidated/,433.80,159778.12,Jun 2026,Mar 2026,True,42.56,42.56,0.0,19.03,18.58,-0.45,17.58,18.19,0.61,0.31,0.31,0.0,20.49,20.34,-0.15,5705074.0,5545816.0,-159258.0
Tata Power Co.,TATAPOWER,/company/TATAPOWER/consolidated/,351.65,112524.18,Jun 2026,Mar 2026,True,46.86,46.86,0.0,10.04,10.03,-0.01,17.98,18.12,0.14,0.31,0.31,0.0,24.81,24.66,-0.15,4105019.0,3996318.0,-108701.0
Tata Steel,TATASTEEL,/company/TATASTEEL/consolidated/,178.69,223243.59,Jun 2026,Mar 2026,True,33.19,32.94,-0.25,18.58,18.9,0.32,26.67,26.44,-0.23,0.18,0.18,0.0,21.36,21.52,0.16,5221338.0,5179576.0,-41762.0
Tata Technolog.,TATATECH,/company/TATATECH/consolidated/,703.10,28518.85,Jun 2026,Mar 2026,True,55.18,55.17,-0.01,5.77,6.3,0.53,3.44,4.48,1.04,,,,35.58,34.04,-1.54,1299834.0,1239124.0,-60710.0
Tatva Chintan,TATVA,/company/TATVA/consolidated/,1877.40,4412.96,Jun 2026,Mar 2026,True,72.02,72.02,0.0,3.81,3.93,0.12,2.99,3.11,0.12,,,,21.16,20.94,-0.22,66842.0,64921.0,-1921.0
TCPL Packaging,TCPLPACK,/company/TCPLPACK/,4007.90,3679.04,Jun 2026,Mar 2026,True,55.74,55.73,-0.01,1.04,1.01,-0.03,13.56,13.69,0.13,,,,29.45,29.34,-0.11,15717.0,15413.0,-304.0
TD Power Systems,TDPOWERSYS,/company/TDPOWERSYS/consolidated/,816.00,25609.51,Jun 2026,Mar 2026,True,26.87,26.87,0.0,26.69,26.18,-0.51,22.24,23.88,1.64,,,,24.2,23.07,-1.13,115089.0,134081.0,18992.0
Team Lease Serv.,TEAMLEASE,/company/TEAMLEASE/consolidated/,1130.30,1728.78,Jul 2026,Jun 2026,True,31.11,33.29,2.18,6.95,8.05,1.1,47.81,44.25,-3.56,,,,14.12,14.37,0.25,47581.0,29208.0,-18373.0
Tech Mahindra,TECHM,/company/TECHM/consolidated/,1504.50,147225.29,Jun 2026,Mar 2026,True,34.97,34.96,-0.01,18.59,18.66,0.07,37.34,36.92,-0.42,0.17,0.17,0.0,8.94,9.28,0.34,738055.0,744161.0,6106.0
Technocraf.Inds.,TIIL,/company/TIIL/consolidated/,2819.10,6376.40,Jun 2026,Mar 2026,True,74.74,74.74,0.0,0.4,0.4,0.0,6.85,7.18,0.33,,,,18.0,17.66,-0.34,47364.0,46501.0,-863.0
Tega Inds.,TEGA,/company/TEGA/consolidated/,2092.50,15734.96,Jun 2026,Mar 2026,True,67.51,67.51,0.0,2.14,2.8,0.66,18.97,18.68,-0.29,,,,11.38,11.02,-0.36,53867.0,53397.0,-470.0
Tejas Cargo,TEJASCARGO,/company/TEJASCARGO/,419.00,1001.11,Mar 2026,Sep 2025,True,74.27,74.71,0.44,12.12,12.13,0.01,0.25,0.0,-0.25,,,,13.36,13.17,-0.19,233.0,206.0,-27.0
Tejas Networks,TEJASNET,/company/TEJASNET/consolidated/,475.85,8475.92,Jun 2026,Mar 2026,True,53.4,53.33,-0.07,5.29,5.82,0.53,4.32,4.04,-0.28,0.0,0.0,0.0,36.86,36.68,-0.18,380284.0,344573.0,-35711.0
Tembo Global,TEMBO,/company/TEMBO/consolidated/,58.25,1080.25,Jul 2026,Jun 2026,True,37.74,39.04,1.3,8.48,8.25,-0.23,1.65,1.56,-0.09,,,,52.13,51.15,-0.98,17962.0,18491.0,529.0
Tenneco Clean,TENNIND,/company/TENNIND/consolidated/,494.15,19940.01,Jun 2026,Mar 2026,True,74.79,74.79,0.0,8.94,9.69,0.75,12.58,11.45,-1.13,,,,3.69,4.09,0.4,136462.0,138042.0,1580.0
Texmaco Infrast.,TEXINFRA,/company/TEXINFRA/consolidated/,125.42,1600.57,Jun 2026,Mar 2026,True,66.4,66.55,0.15,1.51,1.71,0.2,2.28,2.26,-0.02,,,,29.82,29.49,-0.33,36089.0,35028.0,-1061.0
Thangamayil Jew.,THANGAMAYL,/company/THANGAMAYL/,4758.50,14782.91,Jun 2026,Mar 2026,True,61.61,61.61,0.0,4.37,5.54,1.17,17.41,16.43,-0.98,,,,16.61,16.43,-0.18,48097.0,51026.0,2929.0
The Ramco Cement,RAMCOCEM,/company/RAMCOCEM/consolidated/,848.25,20080.69,Jun 2026,Mar 2026,True,42.55,42.55,0.0,8.04,7.52,-0.52,28.92,29.5,0.58,3.39,3.39,0.0,17.1,17.04,-0.06,52680.0,53616.0,936.0
Thejo Engg.,THEJO,/company/THEJO/consolidated/,2098.90,2276.90,Jun 2026,Mar 2026,True,53.61,53.61,0.0,0.84,0.85,0.01,3.17,3.38,0.21,,,,42.37,42.17,-0.2,7909.0,8000.0,91.0
Thermax,THERMAX,/company/THERMAX/consolidated/,3225.10,38391.05,Jun 2026,Mar 2026,True,61.99,61.99,0.0,11.25,11.46,0.21,15.49,15.22,-0.27,,,,5.82,5.88,0.06,89964.0,91857.0,1893.0
Thyrocare Tech.,THYROCARE,/company/THYROCARE/consolidated/,529.80,8449.73,Jun 2026,Mar 2026,True,60.92,60.92,0.0,5.37,5.43,0.06,21.0,20.92,-0.08,,,,12.71,12.71,0.0,73377.0,73064.0,-313.0
TIL,TIL,/company/TIL/consolidated/,242.25,1983.58,Sep 2026,Jun 2026,True,61.3,61.3,0.0,2.62,2.66,0.04,3.8,3.3,-0.5,,,,32.28,32.73,0.45,11412.0,14689.0,3277.0
Tilaknagar Inds.,TI,/company/TI/consolidated/,547.80,13568.54,Jun 2026,Mar 2026,True,31.71,31.67,-0.04,16.87,16.88,0.01,5.92,6.28,0.36,,,,45.5,45.16,-0.34,131914.0,129086.0,-2828.0
Timex Group,TIMEX,/company/TIMEX/,731.70,7377.48,Jun 2026,Mar 2026,True,51.0,51.0,0.0,1.32,2.5,1.18,0.51,1.37,0.86,,,,47.17,45.11,-2.06,59586.0,63477.0,3891.0
Timken India,TIMKEN,/company/TIMKEN/,3156.90,23751.86,Jun 2026,Mar 2026,True,51.05,51.05,0.0,6.96,7.32,0.36,30.63,30.26,-0.37,,,,11.35,11.33,-0.02,71023.0,69808.0,-1215.0
Tinna Rubber,TINNARUBR,/company/TINNARUBR/consolidated/,950.25,1716.84,Jun 2026,Mar 2026,True,67.58,67.21,-0.37,0.36,0.49,0.13,5.62,4.18,-1.44,0.31,0.31,0.0,26.12,27.82,1.7,43012.0,42896.0,-116.0
Tips Music,TIPSMUSIC,/company/TIPSMUSIC/,653.10,8304.14,Jun 2026,Mar 2026,True,64.15,64.15,0.0,7.48,7.99,0.51,4.94,5.36,0.42,,,,23.42,22.49,-0.93,62106.0,62003.0,-103.0
Titagarh Rail,TITAGARH,/company/TITAGARH/consolidated/,804.85,10849.27,Jun 2026,Mar 2026,True,40.46,40.46,0.0,10.67,10.87,0.2,12.46,15.38,2.92,0.01,0.01,0.0,36.42,33.28,-3.14,559860.0,524155.0,-35705.0
Titan Company,TITAN,/company/TITAN/consolidated/,4550.00,402186.43,Jun 2026,Mar 2026,True,52.9,52.9,0.0,15.65,15.39,-0.26,14.84,15.15,0.31,0.19,0.19,0.0,16.34,16.31,-0.03,735599.0,733428.0,-2171.0
Torrent Pharma.,TORNTPHARM,/company/TORNTPHARM/consolidated/,4772.00,182154.73,Jul 2026,Jun 2026,True,68.31,60.78,-7.53,15.44,17.97,2.53,9.73,12.77,3.04,0.1,0.09,-0.01,6.42,8.39,1.97,85776.0,140599.0,54823.0
Torrent Power,TORNTPOWER,/company/TORNTPOWER/consolidated/,1234.90,62196.82,Jun 2026,Mar 2026,True,51.09,51.09,0.0,8.4,8.53,0.13,22.82,22.69,-0.13,8.35,8.35,0.0,9.33,9.37,0.04,160566.0,155488.0,-5078.0
Tour. Fin. Corp.,TFCILTD,/company/TFCILTD/,140.65,6509.45,Jun 2026,Mar 2026,True,3.85,3.85,0.0,2.77,5.46,2.69,0.05,0.0,-0.05,,,,93.33,90.69,-2.64,76029.0,74382.0,-1647.0
Transport Corp.,TCI,/company/TCI/consolidated/,888.00,6819.12,Jun 2026,Mar 2026,True,68.74,68.66,-0.08,3.03,3.04,0.01,12.86,12.69,-0.17,,,,15.37,15.61,0.24,48190.0,48535.0,345.0
Transrail Light,TRANSRAILL,/company/TRANSRAILL/consolidated/,482.40,6475.11,Jun 2026,Mar 2026,True,71.12,71.12,0.0,2.17,2.49,0.32,8.14,6.51,-1.63,,,,18.58,19.87,1.29,158376.0,155661.0,-2715.0
Travel Food,TRAVELFOOD,/company/TRAVELFOOD/consolidated/,1197.90,15767.08,Jun 2026,Mar 2026,True,86.19,86.19,0.0,1.55,1.65,0.1,9.71,10.02,0.31,,,,2.54,2.15,-0.39,54057.0,52997.0,-1060.0
Trent,TRENT,/company/TRENT/consolidated/,2906.00,155258.19,Jun 2026,Mar 2026,True,37.01,37.01,0.0,15.59,15.14,-0.45,22.19,23.07,0.88,0.17,0.19,0.02,25.03,24.57,-0.46,512623.0,520340.0,7717.0
Trident,TRIDENT,/company/TRIDENT/consolidated/,22.56,11491.22,Jun 2026,Mar 2026,True,73.68,73.68,0.0,3.07,3.18,0.11,0.22,0.25,0.03,,,,23.03,22.89,-0.14,2003394.0,1968758.0,-34636.0
Triven.Engg.Ind.,TRIVENI,/company/TRIVENI/consolidated/,241.97,5323.59,Jun 2026,Mar 2026,True,60.98,60.58,-0.4,7.44,7.69,0.25,8.21,7.64,-0.57,,,,23.36,24.1,0.74,95071.0,96867.0,1796.0
Tsf Investments,TSFINV,/company/TSFINV/consolidated/,417.95,9282.83,Jun 2026,Mar 2026,True,54.99,54.99,0.0,3.2,3.27,0.07,4.75,4.27,-0.48,,,,36.41,36.83,0.42,35782.0,37327.0,1545.0
TTK Healthcare,TTKHLTCARE,/company/TTKHLTCARE/,1033.70,1458.05,Jun 2026,Mar 2026,True,74.57,74.57,0.0,1.9,1.86,-0.04,1.11,2.19,1.08,,,,22.43,21.39,-1.04,23686.0,22809.0,-877.0
TTK Prestige,TTKPRESTIG,/company/TTKPRESTIG/consolidated/,522.85,7181.59,Jun 2026,Mar 2026,True,70.52,70.52,0.0,7.84,7.85,0.01,14.48,14.7,0.22,,,,7.15,6.94,-0.21,89284.0,85265.0,-4019.0
Tube Investments,TIINDIA,/company/TIINDIA/consolidated/,2472.70,47782.25,Jun 2026,Mar 2026,True,44.05,44.11,0.06,21.42,22.35,0.93,21.75,21.01,-0.74,0.45,0.45,0.0,12.33,12.08,-0.25,106178.0,100623.0,-5555.0
TVS Motor Co.,TVSMOTOR,/company/TVSMOTOR/consolidated/,3981.00,189555.40,Jun 2026,Mar 2026,True,50.27,50.27,0.0,22.56,20.45,-2.11,18.84,21.12,2.28,,,,8.3,8.12,-0.18,324891.0,331196.0,6305.0
Uflex,UFLEX,/company/UFLEX/consolidated/,641.25,4630.56,Jun 2026,Mar 2026,True,44.58,44.58,0.0,9.2,10.03,0.83,0.52,0.59,0.07,,,,45.7,44.8,-0.9,42767.0,43889.0,1122.0
Ujjivan Small,UJJIVANSFB,/company/UJJIVANSFB/,65.19,12568.53,Jun 2026,Mar 2026,True,0.0,0.0,0.0,17.23,16.81,-0.42,31.12,33.45,2.33,,,,51.65,49.73,-1.92,787997.0,767649.0,-20348.0
Ultramarine Pig.,ULTRAMAR,/company/ULTRAMAR/,408.80,1193.26,Jun 2026,Mar 2026,True,40.5,40.49,-0.01,1.24,1.42,0.18,0.68,0.64,-0.04,,,,57.59,57.45,-0.14,18689.0,18494.0,-195.0
UltraTech Cem.,ULTRACEMCO,/company/ULTRACEMCO/consolidated/,10750.00,315958.91,Jun 2026,Mar 2026,True,59.33,59.33,0.0,13.61,12.36,-1.25,18.42,19.69,1.27,0.05,0.05,0.0,8.41,8.42,0.01,409350.0,416693.0,7343.0
Unihealth Hosp,UNIHEALTH,/company/UNIHEALTH/consolidated/,641.95,1020.70,Sep 2026,Mar 2026,True,69.53,64.82,-4.71,0.0,0.01,0.01,0.48,0.45,-0.03,,,,29.99,34.73,4.74,1162.0,1210.0,48.0
Unimech Aero.,UNIMECH,/company/UNIMECH/consolidated/,1873.10,9555.43,Jun 2026,Mar 2026,True,79.82,79.82,0.0,0.38,0.43,0.05,5.99,5.6,-0.39,,,,13.81,14.16,0.35,75769.0,73718.0,-2051.0
Uniparts India,UNIPARTS,/company/UNIPARTS/consolidated/,824.70,3718.81,Jun 2026,Mar 2026,True,65.87,65.87,0.0,2.82,3.38,0.56,5.34,4.94,-0.4,,,,25.87,25.71,-0.16,74368.0,66920.0,-7448.0
United Foodbrands,UFBL,/company/UFBL/consolidated/,695.20,2723.78,Jun 2026,Mar 2026,True,34.6,34.62,0.02,9.66,10.55,0.89,16.73,17.22,0.49,,,,39.01,37.62,-1.39,36426.0,31896.0,-4530.0
United Spirits,UNITDSPR,/company/UNITDSPR/consolidated/,1358.00,98698.54,Jun 2026,Mar 2026,True,56.68,56.68,0.0,14.41,12.89,-1.52,15.36,17.14,1.78,0.01,0.01,0.0,13.54,13.29,-0.25,292661.0,293859.0,1198.0
Universal Cables,UNIVCABLES,/company/UNIVCABLES/consolidated/,1649.20,5723.28,Jun 2026,Mar 2026,True,61.89,61.89,0.0,0.68,1.11,0.43,4.54,3.3,-1.24,,,,32.89,33.69,0.8,17751.0,22213.0,4462.0
UPL,UPL,/company/UPL/consolidated/,509.55,43061.17,Jun 2026,Mar 2026,True,33.5,33.5,0.0,41.78,42.39,0.61,14.63,14.32,-0.31,0.02,0.02,0.0,10.05,9.77,-0.28,276989.0,272868.0,-4121.0
Urban Company,URBANCO,/company/URBANCO/consolidated/,173.54,26752.94,Jun 2026,Mar 2026,True,19.02,19.02,0.0,55.77,55.28,-0.49,10.74,11.42,0.68,,,,9.27,9.74,0.47,205238.0,200993.0,-4245.0
Usha Martin,USHAMART,/company/USHAMART/consolidated/,516.70,15713.69,Jun 2026,Mar 2026,True,40.52,40.28,-0.24,14.77,15.1,0.33,14.81,15.26,0.45,,,,29.8,29.24,-0.56,101177.0,104425.0,3248.0
Utkarsh Small F.,UTKARSHBNK,/company/UTKARSHBNK/,13.52,2396.85,Jun 2026,Mar 2026,True,42.67,42.67,0.0,11.49,11.9,0.41,9.56,9.54,-0.02,0.02,0.02,0.0,36.27,35.88,-0.39,282993.0,279233.0,-3760.0
Utssav CZ Gold,UTSSAV,/company/UTSSAV/,860.75,2078.54,Aug 2026,Mar 2026,True,70.3,72.55,2.25,0.36,0.01,-0.35,0.0,0.0,0.0,,,,29.33,27.43,-1.9,2301.0,1587.0,-714.0
V-Marc India,VMARCIND,/company/VMARCIND/,323.05,4733.46,Jul 2026,Jun 2026,True,64.87,64.87,0.0,0.26,0.25,-0.01,0.02,0.02,0.0,,,,34.85,34.86,0.01,3330.0,3420.0,90.0
V2 Retail,V2RETAIL,/company/V2RETAIL/,172.19,6305.88,Jun 2026,Mar 2026,True,51.43,51.43,0.0,2.62,3.11,0.49,9.28,10.65,1.37,,,,36.67,34.82,-1.85,45025.0,52967.0,7942.0
Va Tech Wabag,WABAG,/company/WABAG/consolidated/,2006.90,12542.06,Jun 2026,Mar 2026,True,19.09,19.08,-0.01,16.6,18.25,1.65,5.77,6.33,0.56,,,,58.54,56.33,-2.21,200388.0,205590.0,5202.0
Vadilal Inds.,VADILALIND,/company/VADILALIND/consolidated/,7309.50,5249.92,Jun 2026,Mar 2026,True,64.72,64.72,0.0,0.58,1.02,0.44,0.42,1.26,0.84,,,,34.27,33.01,-1.26,22133.0,19041.0,-3092.0
Vaibhav Global,VAIBHAVGBL,/company/VAIBHAVGBL/consolidated/,202.43,3389.02,Jun 2026,Mar 2026,True,57.43,57.33,-0.1,16.44,16.66,0.22,2.23,2.22,-0.01,,,,23.87,23.76,-0.11,133255.0,129789.0,-3466.0
Valiant Commun.,526775,/company/526775/consolidated/,1808.30,2114.28,Jun 2026,Mar 2026,True,40.62,39.65,-0.97,0.98,0.96,-0.02,1.58,3.28,1.7,,,,56.81,56.11,-0.7,7950.0,9281.0,1331.0
Vardhman Textile,VTL,/company/VTL/consolidated/,549.40,15937.92,Jun 2026,Mar 2026,True,65.09,65.08,-0.01,5.69,6.07,0.38,16.01,14.69,-1.32,,,,13.19,14.15,0.96,88129.0,84595.0,-3534.0
Varun Beverages,VBL,/company/VBL/consolidated/,439.30,148694.46,Jun 2026,Mar 2026,True,59.43,59.43,0.0,19.51,19.03,-0.48,14.35,15.16,0.81,0.04,0.05,0.01,6.66,6.33,-0.33,877604.0,813548.0,-64056.0
Vedant Fashions,MANYAVAR,/company/MANYAVAR/,505.40,12266.01,Jun 2026,Mar 2026,True,74.94,74.94,0.0,8.28,7.95,-0.33,12.62,13.19,0.57,,,,4.14,3.92,-0.22,84119.0,83016.0,-1103.0
Vedanta,VEDL,/company/VEDL/consolidated/,265.60,103880.27,Jun 2026,Mar 2026,True,56.38,54.72,-1.66,13.93,15.78,1.85,13.43,10.83,-2.6,0.06,0.06,0.0,16.05,18.45,2.4,2110601.0,2601130.0,490529.0
Venky's (India),VENKEYS,/company/VENKEYS/,1694.80,2384.55,Jun 2026,Mar 2026,True,56.11,56.11,0.0,1.14,1.27,0.13,0.13,0.13,0.0,,,,42.61,42.49,-0.12,54117.0,52179.0,-1938.0
Venus Pipes,VENUSPIPES,/company/VENUSPIPES/,2240.30,4643.76,Jun 2026,Mar 2026,True,48.41,48.41,0.0,2.71,2.63,-0.08,17.49,17.81,0.32,,,,31.38,31.15,-0.23,57317.0,53604.0,-3713.0
Venus Remedies,VENUSREM,/company/VENUSREM/consolidated/,1746.70,2369.80,Jun 2026,Mar 2026,True,41.76,41.76,0.0,2.8,2.92,0.12,1.2,0.89,-0.31,,,,54.24,54.44,0.2,18403.0,21905.0,3502.0
Veranda Learning,VERANDA,/company/VERANDA/consolidated/,212.76,2053.27,Jun 2026,Mar 2026,True,33.8,33.75,-0.05,2.37,2.83,0.46,0.56,0.56,0.0,0.0,0.0,0.0,63.26,62.86,-0.4,13218.0,12470.0,-748.0
Vidya Wires,VIDYAWIRES,/company/VIDYAWIRES/consolidated/,95.83,2031.99,Jun 2026,Mar 2026,True,72.8,72.8,0.0,1.11,1.98,0.87,10.46,3.37,-7.09,,,,15.62,21.84,6.22,60688.0,83732.0,23044.0
Vikram Solar,VIKRAMSOLR,/company/VIKRAMSOLR/consolidated/,151.50,5490.39,Jun 2026,Mar 2026,True,63.01,63.01,0.0,2.94,3.37,0.43,4.8,4.04,-0.76,,,,29.25,29.6,0.35,285301.0,303976.0,18675.0
Vikram Thermo,530477,/company/530477/,400.70,1256.51,Jun 2026,Mar 2026,True,66.01,66.01,0.0,,,,0.0,0.26,0.26,,,,34.0,33.74,-0.26,11739.0,12055.0,316.0
Vikran Engg.,VIKRAN,/company/VIKRAN/consolidated/,58.13,1499.23,Jun 2026,Mar 2026,True,56.27,56.27,0.0,1.11,1.27,0.16,6.83,5.74,-1.09,,,,35.79,36.72,0.93,119057.0,125514.0,6457.0
Vindhya Telelink,VINDHYATEL,/company/VINDHYATEL/consolidated/,2829.70,3353.91,Jun 2026,Mar 2026,True,43.55,43.55,0.0,1.33,1.4,0.07,8.26,8.31,0.05,,,,46.89,46.76,-0.13,23496.0,22396.0,-1100.0
Vintage Coffee,VINCOFE,/company/VINCOFE/consolidated/,187.21,2750.54,Jun 2026,Mar 2026,True,34.65,34.65,0.0,4.84,5.39,0.55,7.62,9.59,1.97,,,,52.9,50.38,-2.52,36411.0,44709.0,8298.0
Vinyas Innovativ,VINYAS,/company/VINYAS/,1412.10,1777.09,Mar 2026,Sep 2025,True,29.39,29.4,0.01,0.47,0.49,0.02,4.53,6.53,2.0,,,,65.61,63.59,-2.02,1551.0,1673.0,122.0
Virtuoso Optoel.,VOEPL,/company/VOEPL/,511.15,1754.21,Aug 2026,Jun 2026,True,49.74,46.22,-3.52,11.29,17.66,6.37,0.79,1.03,0.24,,,,38.19,35.1,-3.09,4261.0,5945.0,1684.0
Vishal Mega Mart,VMM,/company/VMM/consolidated/,100.95,47269.08,Jun 2026,Mar 2026,True,40.12,40.09,-0.03,22.01,20.43,-1.58,32.74,34.8,2.06,,,,5.13,4.68,-0.45,641309.0,625567.0,-15742.0
Vishnu Chemicals,VISHNU,/company/VISHNU/consolidated/,695.55,4683.56,Jun 2026,Mar 2026,True,69.21,69.21,0.0,2.3,2.51,0.21,5.72,5.94,0.22,,,,22.78,22.35,-0.43,30468.0,31065.0,597.0
Viyash Scientific,VIYASH,/company/VIYASH/consolidated/,233.23,10292.00,Jun 2026,Mar 2026,True,61.31,61.31,0.0,2.94,4.5,1.56,7.98,3.76,-4.22,,,,27.67,30.34,2.67,127446.0,128367.0,921.0
Vodafone Idea,IDEA,/company/IDEA/consolidated/,13.21,143008.90,Jun 2026,Mar 2026,True,25.64,25.64,0.0,5.56,6.17,0.61,6.19,6.05,-0.14,49.02,49.02,0.0,13.57,13.11,-0.46,5939398.0,5809457.0,-129941.0
Volt.Transform.,VOLTAMP,/company/VOLTAMP/,10539.00,10667.53,Jun 2026,Mar 2026,True,30.0,30.0,0.0,22.82,21.53,-1.29,31.66,33.85,2.19,0.05,0.06,0.01,15.47,14.57,-0.9,56679.0,52732.0,-3947.0
VST Industries,VSTIND,/company/VSTIND/,202.64,3441.55,Jun 2026,Mar 2026,True,32.16,32.16,0.0,1.34,1.79,0.45,6.63,6.03,-0.6,,,,59.69,59.83,0.14,146815.0,148518.0,1703.0
Waaree Energies,WAAREEENER,/company/WAAREEENER/consolidated/,2398.00,69111.33,Jun 2026,Mar 2026,True,64.19,64.12,-0.07,7.06,8.57,1.51,4.32,4.08,-0.24,,,,24.44,23.23,-1.21,683301.0,731601.0,48300.0
Waaree Renewab.,WAAREERTL,/company/WAAREERTL/,825.95,8620.67,Jun 2026,Mar 2026,True,74.32,74.32,0.0,1.85,1.98,0.13,0.09,0.09,0.0,,,,23.73,23.61,-0.12,308307.0,306445.0,-1862.0
Walchan. Inds.,WALCHANNAG,/company/WALCHANNAG/,204.17,1387.12,Jun 2026,Mar 2026,True,31.59,31.59,0.0,0.47,2.38,1.91,0.78,0.49,-0.29,0.02,0.02,0.0,67.14,65.53,-1.61,87168.0,96793.0,9625.0
Welspun Corp,WELCORP,/company/WELCORP/consolidated/,2660.90,70203.29,Jun 2026,Mar 2026,True,49.73,49.73,0.0,11.23,14.61,3.38,21.49,19.96,-1.53,0.0,0.0,0.0,17.52,15.68,-1.84,122338.0,138939.0,16601.0
Welspun Enterp,WELENT,/company/WELENT/consolidated/,718.30,9933.33,Jun 2026,Mar 2026,True,56.13,56.13,0.0,3.47,3.92,0.45,9.32,9.25,-0.07,,,,29.04,28.68,-0.36,51521.0,51191.0,-330.0
Welspun Living,WELSPUNLIV,/company/WELSPUNLIV/consolidated/,237.86,22468.96,Jun 2026,Mar 2026,True,66.24,66.36,0.12,4.99,5.21,0.22,11.18,11.38,0.2,0.01,0.01,0.0,17.22,16.69,-0.53,243222.0,223860.0,-19362.0
Welspun Special.,WELSPLSOL,/company/WELSPLSOL/,51.99,3439.68,Jun 2026,Mar 2026,True,55.17,55.17,0.0,1.3,1.3,0.0,0.0,0.05,0.05,,,,43.53,43.48,-0.05,97199.0,98294.0,1095.0
Wendt India,WENDT,/company/WENDT/consolidated/,8097.50,1617.86,Jun 2026,Mar 2026,True,37.5,37.5,0.0,1.0,1.16,0.16,12.76,11.96,-0.8,,,,48.74,49.37,0.63,26654.0,26857.0,203.0
Westlife Food,WESTLIFE,/company/WESTLIFE/consolidated/,594.60,9264.13,Jun 2026,Mar 2026,True,56.36,56.39,0.03,7.71,6.94,-0.77,27.26,28.31,1.05,,,,8.21,7.83,-0.38,32172.0,32056.0,-116.0
Wheels India,WHEELS,/company/WHEELS/consolidated/,2289.00,6144.20,Sep 2026,Jun 2026,True,58.31,56.86,-1.45,1.98,2.45,0.47,6.39,8.88,2.49,,,,33.32,31.81,-1.51,29271.0,30135.0,864.0
Whirlpool India,WHIRLPOOL,/company/WHIRLPOOL/consolidated/,867.80,11006.15,Jun 2026,Mar 2026,True,39.76,39.76,0.0,11.46,12.48,1.02,35.85,34.18,-1.67,,,,12.93,13.58,0.65,129025.0,131028.0,2003.0
Windlas Biotech,WINDLAS,/company/WINDLAS/,1036.20,2138.11,Jun 2026,Mar 2026,True,61.9,63.31,1.41,0.6,2.04,1.44,11.8,9.84,-1.96,,,,25.69,24.8,-0.89,44769.0,44996.0,227.0
Windsor Machines,WINDMACHIN,/company/WINDMACHIN/consolidated/,294.85,3042.00,Jun 2026,Mar 2026,True,46.22,42.95,-3.27,1.62,2.31,0.69,2.57,0.73,-1.84,,,,49.59,54.01,4.42,19824.0,19702.0,-122.0
Wipro,WIPRO,/company/WIPRO/consolidated/,161.84,160248.77,Jun 2026,Mar 2026,True,72.62,72.59,-0.03,8.32,8.85,0.53,7.86,5.22,-2.64,,,,11.08,13.21,2.13,2603140.0,3041147.0,438007.0
Wockhardt,WOCKPHARMA,/company/WOCKPHARMA/consolidated/,2176.40,35397.39,Jun 2026,Mar 2026,True,49.09,49.09,0.0,7.09,7.23,0.14,10.96,9.24,-1.72,0.04,0.02,-0.02,32.84,34.44,1.6,139016.0,166518.0,27502.0
Wonder Electric.,WEL,/company/WEL/,74.62,1000.38,Jun 2026,Mar 2026,True,71.79,71.79,0.0,9.98,10.98,1.0,0.0,0.0,0.0,,,,18.24,17.24,-1.0,9850.0,14303.0,4453.0
WPIL,WPIL,/company/WPIL/consolidated/,444.15,4345.34,Jun 2026,Mar 2026,True,70.79,70.79,0.0,5.62,5.6,-0.02,2.59,2.77,0.18,,,,20.99,20.82,-0.17,25524.0,24898.0,-626.0
Yash Highvoltage,544310,/company/544310/,1211.15,3619.85,Aug 2026,Jun 2026,True,57.24,54.79,-2.45,0.62,2.17,1.55,9.5,8.99,-0.51,,,,32.64,34.06,1.42,5190.0,6341.0,1151.0
Yasho Industries,YASHO,/company/YASHO/,4282.80,5163.30,Jun 2026,Mar 2026,True,67.91,67.91,0.0,5.7,5.74,0.04,1.97,2.21,0.24,,,,24.42,24.14,-0.28,23730.0,22695.0,-1035.0
Yatharth Hospit.,YATHARTH,/company/YATHARTH/consolidated/,1058.80,10192.34,Jun 2026,Mar 2026,True,55.8,55.8,0.0,5.25,5.62,0.37,12.0,10.84,-1.16,,,,26.94,27.74,0.8,99117.0,96264.0,-2853.0
Yatra Online,YATRA,/company/YATRA/consolidated/,101.48,1591.75,Jun 2026,Mar 2026,True,62.66,62.66,0.0,4.25,4.95,0.7,11.84,11.28,-0.56,,,,21.24,21.11,-0.13,46825.0,49971.0,3146.0
Yes Bank,YESBANK,/company/YESBANK/consolidated/,20.86,65352.18,Jun 2026,Mar 2026,True,,,,46.42,46.12,-0.3,21.81,24.04,2.23,0.01,0.01,0.0,31.74,29.83,-1.91,6008062.0,5844167.0,-163895.0
Yuken India,YUKEN,/company/YUKEN/consolidated/,1238.60,1676.05,Jun 2026,Mar 2026,True,58.05,58.05,0.0,0.07,0.1,0.03,1.21,0.01,-1.2,,,,40.67,41.85,1.18,10927.0,10757.0,-170.0
Zen Technologies,ZENTEC,/company/ZENTEC/consolidated/,1614.30,14585.60,Jun 2026,Mar 2026,True,48.51,48.51,0.0,5.99,6.47,0.48,10.06,10.42,0.36,,,,35.04,34.22,-0.82,314092.0,290771.0,-23321.0
Zensar Tech.,ZENSARTECH,/company/ZENSARTECH/consolidated/,445.45,10147.70,Jun 2026,Mar 2026,True,49.01,49.0,-0.01,10.51,10.73,0.22,23.66,21.98,-1.68,,,,16.48,17.94,1.46,206187.0,219808.0,13621.0
ZF Commercial,ZFCVINDIA,/company/ZFCVINDIA/,2187.40,24872.92,Jun 2026,Mar 2026,True,60.0,60.0,0.0,5.79,5.93,0.14,26.21,25.45,-0.76,,,,8.0,8.62,0.62,31657.0,41406.0,9749.0
Zota Health Care,ZOTA,/company/ZOTA/consolidated/,1278.60,4428.12,Jun 2026,Mar 2026,True,49.38,49.38,0.0,8.21,7.92,-0.29,6.4,6.75,0.35,,,,36.0,35.96,-0.04,14005.0,14678.0,673.0
Zydus Lifesci.,ZYDUSLIFE,/company/ZYDUSLIFE/consolidated/,1159.50,115711.37,Jun 2026,Mar 2026,True,75.0,75.02,0.02,6.95,6.89,-0.06,11.2,11.27,0.07,0.0,0.0,0.0,6.86,6.83,-0.03,418314.0,399251.0,-19063.0
Zydus Wellness,ZYDUSWELL,/company/ZYDUSWELL/consolidated/,502.40,16009.22,Jun 2026,Mar 2026,True,69.64,69.63,-0.01,3.17,3.32,0.15,18.87,19.13,0.26,,,,8.32,7.92,-0.4,80671.0,86866.0,6195.0
